-- phpMyAdmin SQL Dump
-- version 5.0.2
-- https://www.phpmyadmin.net/
--
-- Host: 127.0.0.1
-- Generation Time: Jul 06, 2021 at 05:27 AM
-- Server version: 10.4.11-MariaDB
-- PHP Version: 7.4.5

SET SQL_MODE = "NO_AUTO_VALUE_ON_ZERO";
START TRANSACTION;
SET time_zone = "+00:00";


/*!40101 SET @OLD_CHARACTER_SET_CLIENT=@@CHARACTER_SET_CLIENT */;
/*!40101 SET @OLD_CHARACTER_SET_RESULTS=@@CHARACTER_SET_RESULTS */;
/*!40101 SET @OLD_COLLATION_CONNECTION=@@COLLATION_CONNECTION */;
/*!40101 SET NAMES utf8mb4 */;

--
-- Database: `yiyo2`
--

-- --------------------------------------------------------

--
-- Table structure for table `accounts`
--

CREATE TABLE `accounts` (
  `id` int(11) NOT NULL,
  `name` varchar(32) NOT NULL DEFAULT '',
  `password` varchar(255) NOT NULL,
  `salt` varchar(40) NOT NULL DEFAULT '',
  `premdays` int(11) NOT NULL DEFAULT 0,
  `lastday` int(10) UNSIGNED NOT NULL DEFAULT 0,
  `email` varchar(255) NOT NULL DEFAULT '',
  `key` varchar(128) NOT NULL DEFAULT '',
  `blocked` tinyint(1) NOT NULL DEFAULT 0 COMMENT 'internal usage',
  `warnings` int(11) NOT NULL DEFAULT 0,
  `group_id` int(11) NOT NULL DEFAULT 1,
  `vip_time` int(15) NOT NULL DEFAULT 0,
  `page_access` int(11) DEFAULT NULL,
  `page_lastday` int(11) DEFAULT NULL,
  `email_new` varchar(255) DEFAULT NULL,
  `email_new_time` int(15) DEFAULT NULL,
  `rlname` varchar(255) DEFAULT NULL,
  `location` varchar(255) DEFAULT NULL,
  `created_at` date DEFAULT NULL,
  `email_code` varchar(255) DEFAULT NULL,
  `next_email` int(11) DEFAULT NULL,
  `premium_points` int(11) DEFAULT NULL,
  `nickname` char(48) DEFAULT NULL,
  `avatar` char(48) DEFAULT NULL,
  `about_me` text DEFAULT NULL,
  `updated_at` date NOT NULL
) ENGINE=InnoDB DEFAULT CHARSET=latin1;

--
-- Dumping data for table `accounts`
--

INSERT INTO `accounts` (`id`, `name`, `password`, `salt`, `premdays`, `lastday`, `email`, `key`, `blocked`, `warnings`, `group_id`, `vip_time`, `page_access`, `page_lastday`, `email_new`, `email_new_time`, `rlname`, `location`, `created_at`, `email_code`, `next_email`, `premium_points`, `nickname`, `avatar`, `about_me`, `updated_at`) VALUES
(1, '1', '356a192b7913b04c54574d18c28d46e6395428ab', '', 65535, 1624513161, '', '', 0, 0, 1, 0, NULL, NULL, NULL, NULL, NULL, NULL, NULL, NULL, NULL, NULL, NULL, NULL, NULL, '0000-00-00'),
(2, '8655867', '062396ae3f8d9a9c94cdb7057120464c4161d18c', '', 0, 1624513373, 'el_carlos_3000@hotmail.com', '5151b0e51f21045b56ae206f7795fd4ca99c7978', 0, 1, 1, 0, NULL, NULL, NULL, NULL, 'CarlosMArtinez', 'Panama', NULL, NULL, NULL, 0, 'Sumiko', NULL, 'AM i GOD.!', '0000-00-00'),
(3, '2284987', '062396ae3f8d9a9c94cdb7057120464c4161d18c', '', 0, 1624513382, 'el_carlos_3000@hotmail.com', '', 0, 1, 1, 0, NULL, NULL, NULL, NULL, '', '', NULL, NULL, NULL, 0, NULL, NULL, NULL, '0000-00-00'),
(4, '5527464', 'c833e94b6971bee1efdf2eb009c94954ccd44841', '', 0, 1624513075, 'elcaco@gmail.com', '', 0, 0, 1, 0, NULL, NULL, NULL, NULL, '', '', NULL, NULL, NULL, 0, NULL, NULL, NULL, '0000-00-00'),
(5, 'carl0z', '062396ae3f8d9a9c94cdb7057120464c4161d18c', '', 0, 1624513361, 'el_carlos_3000@hotmail.com', '', 0, 0, 1, 0, NULL, NULL, NULL, NULL, '', '', NULL, NULL, NULL, 0, NULL, NULL, NULL, '0000-00-00'),
(6, 'carl0z93', 'c833e94b6971bee1efdf2eb009c94954ccd44841', '', 0, 1624514025, '', '', 0, 1, 6, 0, NULL, NULL, NULL, NULL, NULL, NULL, NULL, NULL, NULL, NULL, NULL, NULL, NULL, '0000-00-00'),
(7, '123456', '062396ae3f8d9a9c94cdb7057120464c4161d18c', '', 0, 1624513075, 'carlosmvera18@gmail.com', '', 0, 0, 1, 0, NULL, NULL, NULL, NULL, NULL, NULL, '2021-06-14', NULL, NULL, NULL, NULL, NULL, NULL, '2021-06-14'),
(8, '7777777', '062396ae3f8d9a9c94cdb7057120464c4161d18c', '', 0, 1624513075, '7777777@gmail.com', '', 0, 0, 1, 0, NULL, NULL, NULL, NULL, NULL, NULL, '2021-06-14', NULL, NULL, NULL, NULL, NULL, NULL, '2021-06-14'),
(9, 'ggggggg', '062396ae3f8d9a9c94cdb7057120464c4161d18c', '', 0, 1624513075, 'ggggggg@hotmail.com', '', 0, 0, 1, 0, NULL, NULL, NULL, NULL, NULL, NULL, '2021-06-20', NULL, NULL, NULL, NULL, NULL, NULL, '2021-06-20'),
(10, 'lllllll', '062396ae3f8d9a9c94cdb7057120464c4161d18c', '', 0, 1624513075, 'lllllll@hotmail.com', '', 0, 0, 1, 0, NULL, NULL, NULL, NULL, NULL, NULL, '2021-06-20', NULL, NULL, NULL, NULL, NULL, NULL, '2021-06-20'),
(11, '6666666', '062396ae3f8d9a9c94cdb7057120464c4161d18c', '', 0, 1624513075, '6666666@hotmail.com', '', 0, 0, 1, 0, NULL, NULL, NULL, NULL, NULL, NULL, '2021-06-20', NULL, NULL, NULL, NULL, NULL, NULL, '2021-06-20'),
(12, '9999999', '062396ae3f8d9a9c94cdb7057120464c4161d18c', '', 0, 1624514691, '9999999@gmail.com', '', 0, 0, 1, 0, NULL, NULL, NULL, NULL, NULL, NULL, '2021-06-24', NULL, NULL, NULL, NULL, NULL, NULL, '2021-06-24'),
(13, '454545', '062396ae3f8d9a9c94cdb7057120464c4161d18c', '', 0, 1624514764, '454545@gmail.com', '', 0, 0, 1, 0, NULL, NULL, NULL, NULL, NULL, NULL, '2021-06-24', NULL, NULL, NULL, NULL, NULL, NULL, '2021-06-24'),
(14, 'caco93', '062396ae3f8d9a9c94cdb7057120464c4161d18c', '', 0, 0, 'caco93@gmail.com', '', 0, 0, 1, 0, NULL, NULL, NULL, NULL, NULL, NULL, '2021-06-26', NULL, NULL, NULL, NULL, NULL, NULL, '2021-06-26'),
(15, 'ca', '062396ae3f8d9a9c94cdb7057120464c4161d18c', '', 0, 0, 'ca@gmail.com', '', 0, 0, 1, 0, NULL, NULL, NULL, NULL, NULL, NULL, '2021-06-26', NULL, NULL, NULL, NULL, NULL, NULL, '2021-06-26'),
(16, '55555', '062396ae3f8d9a9c94cdb7057120464c4161d18c', '', 0, 0, '55555@gmail.com', '', 0, 0, 1, 0, NULL, NULL, NULL, NULL, NULL, NULL, '2021-06-26', NULL, NULL, NULL, NULL, NULL, NULL, '2021-06-26');

--
-- Triggers `accounts`
--
DELIMITER $$
CREATE TRIGGER `ondelete_accounts` BEFORE DELETE ON `accounts` FOR EACH ROW BEGIN
	DELETE FROM `bans` WHERE `type` IN (3, 4) AND `value` = OLD.`id`;
END
$$
DELIMITER ;

-- --------------------------------------------------------

--
-- Table structure for table `account_viplist`
--

CREATE TABLE `account_viplist` (
  `account_id` int(11) NOT NULL,
  `world_id` tinyint(2) UNSIGNED NOT NULL DEFAULT 0,
  `player_id` int(11) NOT NULL
) ENGINE=InnoDB DEFAULT CHARSET=latin1;

-- --------------------------------------------------------

--
-- Table structure for table `bans`
--

CREATE TABLE `bans` (
  `id` int(10) UNSIGNED NOT NULL,
  `type` tinyint(1) NOT NULL COMMENT '1 - ip banishment, 2 - namelock, 3 - account banishment, 4 - notation, 5 - deletion',
  `value` int(10) UNSIGNED NOT NULL COMMENT 'ip address (integer), player guid or account number',
  `param` int(10) UNSIGNED NOT NULL DEFAULT 4294967295 COMMENT 'used only for ip banishment mask (integer)',
  `active` tinyint(1) NOT NULL DEFAULT 1,
  `expires` int(11) NOT NULL,
  `added` int(10) UNSIGNED NOT NULL,
  `admin_id` int(10) UNSIGNED NOT NULL DEFAULT 0,
  `comment` text NOT NULL,
  `reason` int(10) UNSIGNED NOT NULL DEFAULT 0,
  `action` int(10) UNSIGNED NOT NULL DEFAULT 0,
  `statement` varchar(255) NOT NULL DEFAULT ''
) ENGINE=InnoDB DEFAULT CHARSET=latin1;

--
-- Dumping data for table `bans`
--

INSERT INTO `bans` (`id`, `type`, `value`, `param`, `active`, `expires`, `added`, `admin_id`, `comment`, `reason`, `action`, `statement`) VALUES
(1, 3, 2, 20, 0, 1557761155, 1557501955, 0, 'Sending unknown packets to the server.', 13, 2, ''),
(2, 3, 3, 21, 0, 1557761872, 1557502672, 0, 'Sending unknown packets to the server.', 13, 2, ''),
(3, 3, 6, 23, 0, 1557762015, 1557502815, 0, 'Sending unknown packets to the server.', 13, 2, '');

-- --------------------------------------------------------

--
-- Table structure for table `bugtracker`
--

CREATE TABLE `bugtracker` (
  `id` int(10) UNSIGNED NOT NULL,
  `category` int(3) UNSIGNED NOT NULL,
  `time` int(16) UNSIGNED NOT NULL,
  `author` int(16) UNSIGNED NOT NULL,
  `text` text NOT NULL,
  `title` varchar(64) NOT NULL,
  `done` int(3) UNSIGNED NOT NULL,
  `priority` int(3) UNSIGNED NOT NULL,
  `closed` int(1) DEFAULT NULL
) ENGINE=InnoDB DEFAULT CHARSET=latin1;

-- --------------------------------------------------------

--
-- Table structure for table `comments`
--

CREATE TABLE `comments` (
  `id` int(11) NOT NULL,
  `news_id` int(11) DEFAULT NULL,
  `body` text NOT NULL,
  `time` int(18) NOT NULL DEFAULT 0,
  `author` varchar(64) NOT NULL DEFAULT '0'
) ENGINE=InnoDB DEFAULT CHARSET=latin1;

-- --------------------------------------------------------

--
-- Table structure for table `environment_killers`
--

CREATE TABLE `environment_killers` (
  `kill_id` int(11) NOT NULL,
  `name` varchar(255) NOT NULL
) ENGINE=InnoDB DEFAULT CHARSET=latin1;

--
-- Dumping data for table `environment_killers`
--

INSERT INTO `environment_killers` (`kill_id`, `name`) VALUES
(1, 'a rotworm'),
(2, 'a spider'),
(3, 'a poison spider'),
(4, 'a bug');

-- --------------------------------------------------------

--
-- Table structure for table `forums`
--

CREATE TABLE `forums` (
  `id` int(10) UNSIGNED NOT NULL,
  `name` varchar(64) NOT NULL,
  `description` text NOT NULL,
  `access` int(5) UNSIGNED NOT NULL,
  `closed` int(1) UNSIGNED NOT NULL COMMENT 'Min. access to see the board',
  `moderators` text NOT NULL,
  `order` int(6) DEFAULT NULL,
  `requireLogin` int(1) DEFAULT NULL,
  `guild` int(11) DEFAULT NULL
) ENGINE=InnoDB DEFAULT CHARSET=latin1;

-- --------------------------------------------------------

--
-- Table structure for table `friends`
--

CREATE TABLE `friends` (
  `id` int(11) NOT NULL,
  `with` int(11) DEFAULT NULL,
  `friend` int(11) DEFAULT NULL,
  `time` int(11) DEFAULT NULL,
  `active` tinyint(1) DEFAULT NULL
) ENGINE=InnoDB DEFAULT CHARSET=latin1;

-- --------------------------------------------------------

--
-- Table structure for table `global_storage`
--

CREATE TABLE `global_storage` (
  `key` varchar(32) NOT NULL DEFAULT '0',
  `world_id` tinyint(2) UNSIGNED NOT NULL DEFAULT 0,
  `value` varchar(255) NOT NULL DEFAULT '0'
) ENGINE=InnoDB DEFAULT CHARSET=latin1;

--
-- Dumping data for table `global_storage`
--

INSERT INTO `global_storage` (`key`, `world_id`, `value`) VALUES
('1344', 0, '1616296670'),
('42299', 0, '0'),
('42300', 0, '0'),
('42301', 0, '0'),
('42302', 0, '0'),
('42303', 0, '0'),
('42304', 0, '0'),
('42305', 0, '0'),
('42306', 0, '0'),
('42307', 0, '0'),
('42308', 0, '0'),
('42309', 0, '0'),
('42400', 0, '1073766270'),
('42401', 0, '1073766271'),
('42402', 0, '1073766272'),
('42403', 0, '1073766273'),
('42404', 0, '1073766274'),
('42405', 0, '1073766275'),
('42406', 0, '1073766276'),
('42407', 0, '1073766277'),
('42408', 0, '1073766278'),
('42409', 0, '1073766279');

-- --------------------------------------------------------

--
-- Table structure for table `guilds`
--

CREATE TABLE `guilds` (
  `id` int(11) NOT NULL,
  `world_id` tinyint(2) UNSIGNED NOT NULL DEFAULT 0,
  `name` varchar(255) NOT NULL,
  `ownerid` int(11) NOT NULL,
  `creationdata` int(11) NOT NULL,
  `checkdata` int(11) NOT NULL,
  `motd` varchar(255) NOT NULL
) ENGINE=InnoDB DEFAULT CHARSET=latin1;

--
-- Triggers `guilds`
--
DELIMITER $$
CREATE TRIGGER `oncreate_guilds` AFTER INSERT ON `guilds` FOR EACH ROW BEGIN
	INSERT INTO `guild_ranks` (`name`, `level`, `guild_id`) VALUES ('Leader', 3, NEW.`id`);
	INSERT INTO `guild_ranks` (`name`, `level`, `guild_id`) VALUES ('Vice-Leader', 2, NEW.`id`);
	INSERT INTO `guild_ranks` (`name`, `level`, `guild_id`) VALUES ('Member', 1, NEW.`id`);
END
$$
DELIMITER ;
DELIMITER $$
CREATE TRIGGER `ondelete_guilds` BEFORE DELETE ON `guilds` FOR EACH ROW BEGIN
	UPDATE `players` SET `guildnick` = '', `rank_id` = 0 WHERE `rank_id` IN (SELECT `id` FROM `guild_ranks` WHERE `guild_id` = OLD.`id`);
END
$$
DELIMITER ;

-- --------------------------------------------------------

--
-- Table structure for table `guild_invites`
--

CREATE TABLE `guild_invites` (
  `player_id` int(11) NOT NULL DEFAULT 0,
  `guild_id` int(11) NOT NULL DEFAULT 0
) ENGINE=InnoDB DEFAULT CHARSET=latin1;

-- --------------------------------------------------------

--
-- Table structure for table `guild_ranks`
--

CREATE TABLE `guild_ranks` (
  `id` int(11) NOT NULL,
  `guild_id` int(11) NOT NULL,
  `name` varchar(255) NOT NULL,
  `level` int(11) NOT NULL COMMENT '1 - leader, 2 - vice leader, 3 - member'
) ENGINE=InnoDB DEFAULT CHARSET=latin1;

-- --------------------------------------------------------

--
-- Table structure for table `houses`
--

CREATE TABLE `houses` (
  `id` int(10) UNSIGNED NOT NULL,
  `world_id` tinyint(2) UNSIGNED NOT NULL DEFAULT 0,
  `owner` int(11) NOT NULL,
  `paid` int(10) UNSIGNED NOT NULL DEFAULT 0,
  `warnings` int(11) NOT NULL DEFAULT 0,
  `lastwarning` int(10) UNSIGNED NOT NULL DEFAULT 0,
  `name` varchar(255) NOT NULL,
  `town` int(10) UNSIGNED NOT NULL DEFAULT 0,
  `size` int(10) UNSIGNED NOT NULL DEFAULT 0,
  `price` int(10) UNSIGNED NOT NULL DEFAULT 0,
  `rent` int(10) UNSIGNED NOT NULL DEFAULT 0,
  `doors` int(10) UNSIGNED NOT NULL DEFAULT 0,
  `beds` int(10) UNSIGNED NOT NULL DEFAULT 0,
  `tiles` int(10) UNSIGNED NOT NULL DEFAULT 0,
  `guild` tinyint(1) UNSIGNED NOT NULL DEFAULT 0,
  `clear` tinyint(1) UNSIGNED NOT NULL DEFAULT 0
) ENGINE=InnoDB DEFAULT CHARSET=latin1;

--
-- Dumping data for table `houses`
--

INSERT INTO `houses` (`id`, `world_id`, `owner`, `paid`, `warnings`, `lastwarning`, `name`, `town`, `size`, `price`, `rent`, `doors`, `beds`, `tiles`, `guild`, `clear`) VALUES
(1, 0, 0, 0, 0, 0, 'Edron 1', 9, 31, 235000, 0, 2, 2, 47, 0, 0),
(2, 0, 0, 0, 0, 0, 'Edron 2', 9, 33, 250000, 0, 3, 2, 50, 0, 0),
(3, 0, 0, 0, 0, 0, 'Edron 3', 9, 33, 295000, 0, 4, 2, 59, 0, 0),
(4, 0, 0, 0, 0, 0, 'Edron 4', 9, 10, 60000, 0, 0, 2, 12, 0, 0),
(5, 0, 0, 0, 0, 0, 'Edron 5', 9, 14, 90000, 0, 1, 2, 18, 0, 0),
(6, 0, 0, 0, 0, 0, 'Edron 6', 9, 10, 75000, 0, 1, 2, 15, 0, 0),
(7, 0, 0, 0, 0, 0, 'Edron 7', 9, 10, 65000, 0, 1, 2, 13, 0, 0),
(10, 0, 0, 0, 0, 0, 'Edron 10', 9, 17, 110000, 0, 1, 4, 22, 0, 0),
(11, 0, 0, 0, 0, 0, 'Edron 11', 9, 14, 90000, 0, 1, 2, 18, 0, 0),
(12, 0, 0, 0, 0, 0, 'Edron 12', 9, 11, 70000, 0, 1, 2, 14, 0, 0),
(13, 0, 0, 0, 0, 0, 'Edron 13', 9, 14, 90000, 0, 1, 2, 18, 0, 0),
(14, 0, 0, 0, 0, 0, 'Edron 14', 9, 14, 85000, 0, 1, 2, 17, 0, 0),
(15, 0, 0, 0, 0, 0, 'Edron 15', 9, 18, 120000, 0, 1, 2, 24, 0, 0),
(16, 0, 0, 0, 0, 0, 'Edron 16', 9, 13, 115000, 0, 1, 2, 23, 0, 0),
(17, 0, 0, 0, 0, 0, 'Edron 17', 9, 10, 75000, 0, 1, 2, 15, 0, 0),
(18, 0, 0, 0, 0, 0, 'Edron 18', 9, 11, 70000, 0, 1, 2, 14, 0, 0),
(19, 0, 0, 0, 0, 0, 'Edron 19', 9, 19, 110000, 0, 1, 2, 22, 0, 0),
(20, 0, 0, 0, 0, 0, 'Edron 20', 9, 14, 85000, 0, 1, 2, 17, 0, 0),
(21, 0, 0, 0, 0, 0, 'Edron 21', 9, 67, 455000, 0, 3, 4, 91, 0, 0),
(22, 0, 0, 0, 0, 0, 'Edron 22', 9, 74, 455000, 0, 3, 4, 91, 0, 0),
(23, 0, 0, 0, 0, 0, 'Edron 23', 9, 8, 50000, 0, 1, 2, 10, 0, 0),
(24, 0, 0, 0, 0, 0, 'Edron 24', 9, 14, 100000, 0, 1, 4, 20, 0, 0),
(25, 0, 0, 0, 0, 0, 'Edron 25', 9, 7, 50000, 0, 1, 2, 10, 0, 0),
(26, 0, 0, 0, 0, 0, 'Edron 26', 9, 8, 50000, 0, 1, 2, 10, 0, 0),
(27, 0, 0, 0, 0, 0, 'Edron 27', 9, 7, 50000, 0, 1, 2, 10, 0, 0),
(28, 0, 0, 0, 0, 0, 'Edron 28', 9, 8, 55000, 0, 1, 2, 11, 0, 0),
(29, 0, 0, 0, 0, 0, 'Edron 29', 9, 7, 50000, 0, 1, 2, 10, 0, 0),
(30, 0, 0, 0, 0, 0, 'Edron 30', 9, 7, 55000, 0, 1, 2, 11, 0, 0),
(31, 0, 0, 0, 0, 0, 'Edron 31', 9, 31, 200000, 0, 1, 4, 40, 0, 0),
(32, 0, 0, 0, 0, 0, 'Edron 32', 9, 32, 185000, 0, 1, 4, 37, 0, 0),
(33, 0, 0, 0, 0, 0, 'Edron 33', 9, 7, 50000, 0, 1, 2, 10, 0, 0),
(34, 0, 0, 0, 0, 0, 'Carlin 34', 2, 26, 190000, 0, 1, 4, 38, 0, 0),
(35, 0, 0, 0, 0, 0, 'Edron 35', 9, 7, 50000, 0, 1, 2, 10, 0, 0),
(36, 0, 0, 0, 0, 0, 'Edron 36', 9, 7, 50000, 0, 1, 2, 10, 0, 0),
(37, 0, 0, 0, 0, 0, 'Edron 37', 9, 7, 50000, 0, 1, 2, 10, 0, 0),
(38, 0, 0, 0, 0, 0, 'Edron 38', 9, 7, 50000, 0, 1, 2, 10, 0, 0),
(39, 0, 0, 0, 0, 0, 'Edron 39', 9, 8, 50000, 0, 1, 2, 10, 0, 0),
(40, 0, 0, 0, 0, 0, 'Edron 40', 9, 7, 60000, 0, 1, 2, 12, 0, 0),
(41, 0, 0, 0, 0, 0, 'Edron 41', 9, 7, 50000, 0, 1, 2, 10, 0, 0),
(42, 0, 0, 0, 0, 0, 'Edron 42', 9, 7, 50000, 0, 1, 2, 10, 0, 0),
(43, 0, 0, 0, 0, 0, 'Edron 43', 9, 7, 50000, 0, 1, 2, 10, 0, 0),
(44, 0, 0, 0, 0, 0, 'Edron 44', 9, 7, 55000, 0, 1, 2, 11, 0, 0),
(45, 0, 0, 0, 0, 0, 'Edron 45', 9, 8, 50000, 0, 1, 2, 10, 0, 0),
(46, 0, 0, 0, 0, 0, 'Edron 46', 9, 7, 50000, 0, 1, 2, 10, 0, 0),
(47, 0, 0, 0, 0, 0, 'Edron 47', 9, 7, 55000, 0, 1, 2, 11, 0, 0),
(48, 0, 0, 0, 0, 0, 'Edron 48', 9, 13, 105000, 0, 1, 4, 21, 0, 0),
(49, 0, 0, 0, 0, 0, 'Edron 49', 9, 32, 220000, 0, 2, 8, 44, 0, 0),
(50, 0, 0, 0, 0, 0, 'Edron 50', 9, 85, 540000, 0, 6, 4, 108, 0, 0),
(51, 0, 0, 0, 0, 0, 'Edron 51', 9, 88, 555000, 0, 6, 4, 111, 0, 0),
(52, 0, 0, 0, 0, 0, 'Edron 52', 9, 88, 625000, 0, 6, 4, 125, 0, 0),
(53, 0, 0, 0, 0, 0, 'Edron 53', 9, 84, 590000, 0, 5, 10, 118, 0, 0),
(54, 0, 0, 0, 0, 0, 'Edron 54', 9, 82, 570000, 0, 5, 10, 114, 0, 0),
(55, 0, 0, 0, 0, 0, 'Edron 55', 9, 82, 650000, 0, 5, 10, 130, 0, 0),
(56, 0, 0, 0, 0, 0, 'GH 1', 9, 345, 2640000, 0, 11, 46, 528, 1, 0),
(57, 0, 0, 0, 0, 0, 'GH 2', 9, 357, 2735000, 0, 12, 26, 547, 1, 0),
(58, 0, 0, 0, 0, 0, 'GH 3', 9, 292, 2570000, 0, 10, 36, 514, 1, 0),
(59, 0, 0, 0, 0, 0, 'Edron 59', 9, 81, 550000, 0, 3, 11, 110, 0, 0),
(60, 0, 0, 0, 0, 0, 'Edron 60', 9, 134, 1005000, 0, 7, 10, 201, 0, 0),
(61, 0, 0, 0, 0, 0, 'Edron 61', 9, 27, 195000, 0, 2, 4, 39, 0, 0),
(62, 0, 0, 0, 0, 0, 'Edron 62', 9, 26, 195000, 0, 2, 4, 39, 0, 0),
(63, 0, 0, 0, 0, 0, 'Edron 63', 9, 25, 185000, 0, 3, 4, 37, 0, 0),
(64, 0, 0, 0, 0, 0, 'Edron 64', 9, 118, 805000, 0, 5, 6, 161, 0, 0),
(65, 0, 0, 0, 0, 0, 'Edron 65', 9, 119, 765000, 0, 5, 6, 153, 0, 0),
(66, 0, 0, 0, 0, 0, 'Edron 66', 9, 23, 195000, 0, 3, 6, 39, 0, 0),
(67, 0, 0, 0, 0, 0, 'Edron 67', 9, 26, 195000, 0, 2, 4, 39, 0, 0),
(68, 0, 0, 0, 0, 0, 'Edron 68', 9, 26, 195000, 0, 3, 4, 39, 0, 0),
(69, 0, 0, 0, 0, 0, 'Edron 69', 9, 32, 205000, 0, 1, 4, 41, 0, 0),
(70, 0, 0, 0, 0, 0, 'Edron 70', 9, 32, 190000, 0, 1, 3, 38, 0, 0),
(71, 0, 0, 0, 0, 0, 'Edron 71', 9, 33, 210000, 0, 1, 4, 42, 0, 0),
(72, 0, 0, 0, 0, 0, 'Edron 72', 9, 32, 195000, 0, 1, 4, 39, 0, 0),
(73, 0, 0, 0, 0, 0, 'Edron 73', 9, 32, 220000, 0, 1, 3, 44, 0, 0),
(74, 0, 0, 0, 0, 0, 'Edron 74', 9, 26, 160000, 0, 1, 3, 32, 0, 0),
(75, 0, 0, 0, 0, 0, 'Edron 75', 9, 27, 215000, 0, 1, 4, 43, 0, 0),
(76, 0, 0, 0, 0, 0, 'Edron 76', 9, 34, 255000, 0, 2, 4, 51, 0, 0),
(77, 0, 0, 0, 0, 0, 'GH 4', 9, 154, 1400000, 0, 13, 29, 280, 1, 0),
(78, 0, 0, 0, 0, 0, 'Edron 78', 9, 32, 215000, 0, 0, 4, 43, 0, 0),
(79, 0, 0, 0, 0, 0, 'Edron 79', 9, 37, 310000, 0, 2, 4, 62, 0, 0),
(80, 0, 0, 0, 0, 0, 'Carlin Guild House 6', 2, 344, 2050000, 0, 21, 42, 410, 0, 0),
(81, 0, 0, 0, 0, 0, 'Carlin 75', 2, 21, 125000, 0, 1, 4, 25, 0, 0),
(82, 0, 0, 0, 0, 0, 'Carlin 76', 2, 20, 125000, 0, 1, 4, 25, 0, 0),
(83, 0, 0, 0, 0, 0, 'Carlin 77', 2, 20, 125000, 0, 1, 4, 25, 0, 0),
(84, 0, 0, 0, 0, 0, 'Carlin 78', 2, 122, 810000, 0, 10, 20, 162, 0, 0),
(85, 0, 0, 0, 0, 0, 'Edron 85', 9, 11, 85000, 0, 1, 2, 17, 0, 0),
(86, 0, 0, 0, 0, 0, 'Carlin 79', 2, 31, 225000, 0, 1, 4, 45, 0, 0),
(87, 0, 0, 0, 0, 0, 'Carlin 80', 2, 26, 185000, 0, 1, 4, 37, 0, 0),
(88, 0, 0, 0, 0, 0, 'Carlin 81', 2, 42, 260000, 0, 1, 4, 52, 0, 0),
(89, 0, 0, 0, 0, 0, 'Carlin 82', 2, 91, 500000, 0, 2, 4, 100, 0, 0),
(90, 0, 0, 0, 0, 0, 'Carlin 83', 2, 346, 2145000, 0, 17, 38, 429, 0, 0),
(91, 0, 0, 0, 0, 0, 'Senja 1', 2, 28, 200000, 0, 1, 4, 40, 0, 0),
(92, 0, 0, 0, 0, 0, 'Senja 2', 2, 45, 360000, 0, 2, 0, 72, 0, 0),
(93, 0, 0, 0, 0, 0, 'Senja 3', 2, 50, 305000, 0, 3, 4, 61, 0, 0),
(94, 0, 0, 0, 0, 0, 'Senja 4', 2, 51, 335000, 0, 2, 4, 67, 0, 0),
(95, 0, 0, 0, 0, 0, 'Senja 5', 2, 31, 230000, 0, 1, 2, 46, 0, 0),
(96, 0, 0, 0, 0, 0, 'Senja 6', 2, 14, 100000, 0, 1, 2, 20, 0, 0),
(97, 0, 0, 0, 0, 0, 'Senja 7', 2, 15, 110000, 0, 1, 2, 22, 0, 0),
(98, 0, 0, 0, 0, 0, 'Senja 8', 2, 32, 210000, 0, 1, 4, 42, 0, 0),
(99, 0, 0, 0, 0, 0, 'Senja 9', 2, 15, 105000, 0, 1, 2, 21, 0, 0),
(100, 0, 0, 0, 0, 0, 'Senja 10', 2, 21, 145000, 0, 1, 4, 29, 0, 0),
(101, 0, 0, 0, 0, 0, 'Senja 11', 2, 14, 95000, 0, 1, 2, 19, 0, 0),
(102, 0, 0, 0, 0, 0, 'Senja 12', 2, 11, 105000, 0, 1, 4, 21, 0, 0),
(103, 0, 0, 0, 0, 0, 'Senja 13', 2, 13, 95000, 0, 1, 2, 19, 0, 0),
(104, 0, 0, 0, 0, 0, 'Senja 14', 2, 25, 195000, 0, 2, 4, 39, 0, 0),
(105, 0, 0, 0, 0, 0, 'Senja 15', 2, 160, 1340000, 0, 15, 20, 268, 0, 0),
(106, 0, 0, 0, 0, 0, 'Ab\'dendriel 1', 3, 27, 185000, 0, 1, 4, 37, 0, 0),
(107, 0, 0, 0, 0, 0, 'Ab\'dendriel 2', 3, 26, 180000, 0, 0, 4, 36, 0, 0),
(108, 0, 0, 0, 0, 0, 'Ab\'dendriel 3', 3, 19, 155000, 0, 1, 6, 31, 0, 0),
(109, 0, 0, 0, 0, 0, 'Ab\'dendriel 4', 3, 27, 205000, 0, 0, 6, 41, 0, 0),
(110, 0, 0, 0, 0, 0, 'Ab\'dendriel 5', 3, 10, 85000, 0, 1, 2, 17, 0, 0),
(111, 0, 0, 0, 0, 0, 'Ab\'dendriel 6', 3, 34, 255000, 0, 1, 8, 51, 0, 0),
(112, 0, 0, 0, 0, 0, 'Ab\'dendriel 7', 3, 24, 155000, 0, 1, 6, 31, 0, 0),
(113, 0, 0, 0, 0, 0, 'Ab\'dendriel 8', 3, 7, 50000, 0, 1, 2, 10, 0, 0),
(114, 0, 0, 0, 0, 0, 'Ab\'dendriel 9', 3, 10, 65000, 0, 1, 2, 13, 0, 0),
(115, 0, 0, 0, 0, 0, 'Ab\'dendriel 10', 3, 10, 90000, 0, 1, 2, 18, 0, 0),
(116, 0, 0, 0, 0, 0, 'Ab\'dendriel 11', 3, 6, 55000, 0, 1, 2, 11, 0, 0),
(117, 0, 0, 0, 0, 0, 'Ab\'dendriel 12', 3, 10, 90000, 0, 1, 2, 18, 0, 0),
(118, 0, 0, 0, 0, 0, 'Ab\'dendriel 13', 3, 6, 65000, 0, 1, 2, 13, 0, 0),
(119, 0, 0, 0, 0, 0, 'Ab\'dendriel 14', 3, 10, 70000, 0, 1, 2, 14, 0, 0),
(120, 0, 0, 0, 0, 0, 'Ab\'dendriel 15', 3, 6, 55000, 0, 1, 2, 11, 0, 0),
(121, 0, 0, 0, 0, 0, 'Ab\'dendriel 16', 3, 10, 90000, 0, 1, 2, 18, 0, 0),
(122, 0, 0, 0, 0, 0, 'Ab\'dendriel 17', 3, 6, 65000, 0, 1, 2, 13, 0, 0),
(123, 0, 0, 0, 0, 0, 'Ab\'dendriel 18', 3, 10, 85000, 0, 1, 2, 17, 0, 0),
(124, 0, 0, 0, 0, 0, 'Ab\'dendriel 19', 3, 12, 110000, 0, 1, 4, 22, 0, 0),
(125, 0, 0, 0, 0, 0, 'Ab\'dendriel 20', 3, 12, 95000, 0, 1, 2, 19, 0, 0),
(126, 0, 0, 0, 0, 0, 'Ab\'dendriel 21', 3, 12, 110000, 0, 1, 4, 22, 0, 0),
(127, 0, 0, 0, 0, 0, 'Ab\'dendriel 22', 3, 12, 95000, 0, 1, 4, 19, 0, 0),
(128, 0, 0, 0, 0, 0, 'Ab\'dendriel 23', 3, 21, 165000, 0, 1, 6, 33, 0, 0),
(129, 0, 0, 0, 0, 0, 'Ab\'dendriel 24', 3, 12, 95000, 0, 1, 4, 19, 0, 0),
(130, 0, 0, 0, 0, 0, 'Ab\'dendriel 25', 3, 10, 85000, 0, 1, 2, 17, 0, 0),
(131, 0, 0, 0, 0, 0, 'Ab\'dendriel 26', 3, 21, 150000, 0, 1, 4, 30, 0, 0),
(132, 0, 0, 0, 0, 0, 'Ab\'dendriel 27', 3, 12, 105000, 0, 1, 4, 21, 0, 0),
(133, 0, 0, 0, 0, 0, 'Ab\'dendriel 28', 3, 19, 150000, 0, 1, 6, 30, 0, 0),
(134, 0, 0, 0, 0, 0, 'Ab\'dendriel 29', 3, 16, 125000, 0, 1, 4, 25, 0, 0),
(135, 0, 0, 0, 0, 0, 'Ab\'dendriel 30', 3, 20, 145000, 0, 1, 4, 29, 0, 0),
(136, 0, 0, 0, 0, 0, 'Ab\'dendriel 31', 3, 24, 180000, 0, 1, 6, 36, 0, 0),
(137, 0, 0, 0, 0, 0, 'Ab\'dendriel 32', 3, 11, 85000, 0, 1, 4, 17, 0, 0),
(138, 0, 0, 0, 0, 0, 'Ab\'dendriel 33', 3, 11, 80000, 0, 1, 4, 16, 0, 0),
(139, 0, 0, 0, 0, 0, 'Ab\'dendriel 34', 3, 17, 125000, 0, 1, 4, 25, 0, 0),
(140, 0, 0, 0, 0, 0, 'Ab\'dendriel 35', 3, 14, 125000, 0, 1, 4, 25, 0, 0),
(141, 0, 0, 0, 0, 0, 'Ab\'dendriel 36', 3, 21, 155000, 0, 1, 4, 31, 0, 0),
(142, 0, 0, 0, 0, 0, 'Ab\'dendriel 37', 3, 24, 155000, 0, 1, 2, 31, 0, 0),
(143, 0, 0, 0, 0, 0, 'Ab\'dendriel 38', 3, 9, 80000, 0, 1, 2, 16, 0, 0),
(144, 0, 0, 0, 0, 0, 'Ab\'dendriel 39', 3, 16, 120000, 0, 1, 4, 24, 0, 0),
(145, 0, 0, 0, 0, 0, 'Ab\'dendriel 40', 3, 14, 100000, 0, 0, 2, 20, 0, 0),
(146, 0, 0, 0, 0, 0, 'Ab\'dendriel 41', 3, 18, 165000, 0, 3, 2, 33, 0, 0),
(147, 0, 0, 0, 0, 0, 'Ab\'dendriel 42', 3, 6, 60000, 0, 1, 2, 12, 0, 0),
(155, 0, 0, 0, 0, 0, 'Ab\'dendriel 50', 3, 10, 80000, 0, 1, 2, 16, 0, 0),
(169, 0, 0, 0, 0, 0, 'Ab\'dendriel 64', 3, 7, 70000, 0, 1, 2, 14, 0, 0),
(170, 0, 0, 0, 0, 0, 'Ab\'dendriel 65', 3, 7, 50000, 0, 1, 2, 10, 0, 0),
(171, 0, 0, 0, 0, 0, 'Ab\'dendriel 66', 3, 7, 50000, 0, 1, 2, 10, 0, 0),
(172, 0, 0, 0, 0, 0, 'Ab\'dendriel 67', 3, 7, 50000, 0, 1, 2, 10, 0, 0),
(173, 0, 0, 0, 0, 0, 'Ab\'dendriel 68', 3, 7, 50000, 0, 1, 2, 10, 0, 0),
(174, 0, 0, 0, 0, 0, 'Ab\'dendriel 69', 3, 7, 50000, 0, 1, 2, 10, 0, 0),
(175, 0, 0, 0, 0, 0, 'Ab\'dendriel 70', 3, 7, 50000, 0, 1, 2, 10, 0, 0),
(176, 0, 0, 0, 0, 0, 'Ab\'dendriel 71', 3, 7, 50000, 0, 1, 2, 10, 0, 0),
(177, 0, 0, 0, 0, 0, 'Ab\'dendriel 72', 3, 7, 50000, 0, 1, 2, 10, 0, 0),
(178, 0, 0, 0, 0, 0, 'Ab\'dendriel Guild House 1', 3, 263, 1655000, 0, 11, 20, 331, 0, 0),
(179, 0, 0, 0, 0, 0, 'Ab\'dendriel Guild House 2', 3, 426, 2505000, 0, 21, 36, 501, 0, 0),
(184, 0, 0, 0, 0, 0, 'Kazordoon 5', 4, 7, 75000, 0, 1, 2, 15, 0, 0),
(194, 0, 0, 0, 0, 0, 'Kazordoon 15', 4, 7, 80000, 0, 1, 2, 16, 0, 0),
(195, 0, 0, 0, 0, 0, 'Kazordoon 16', 4, 4, 50000, 0, 1, 2, 10, 0, 0),
(196, 0, 0, 0, 0, 0, 'Kazordoon 17', 4, 7, 50000, 0, 1, 2, 10, 0, 0),
(197, 0, 0, 0, 0, 0, 'Kazordoon 18', 4, 7, 50000, 0, 1, 2, 10, 0, 0),
(206, 0, 0, 0, 0, 0, 'Kazordoon 27', 4, 4, 50000, 0, 1, 2, 10, 0, 0),
(207, 0, 0, 0, 0, 0, 'Kazordoon 28', 4, 7, 70000, 0, 1, 2, 14, 0, 0),
(212, 0, 0, 0, 0, 0, 'Kazordoon 33', 4, 16, 140000, 0, 1, 4, 28, 0, 0),
(213, 0, 0, 0, 0, 0, 'Kazordoon 34', 4, 16, 135000, 0, 1, 3, 27, 0, 0),
(214, 0, 0, 0, 0, 0, 'Kazordoon 35', 4, 16, 140000, 0, 0, 4, 28, 0, 0),
(215, 0, 0, 0, 0, 0, 'Kazordoon 36', 4, 16, 140000, 0, 1, 4, 28, 0, 0),
(216, 0, 0, 0, 0, 0, 'Kazordoon 37', 4, 3, 45000, 0, 0, 2, 9, 0, 0),
(217, 0, 0, 0, 0, 0, 'Kazordoon 38', 4, 23, 205000, 0, 1, 6, 41, 0, 0),
(218, 0, 0, 0, 0, 0, 'Kazordoon 39', 4, 20, 165000, 0, 1, 6, 33, 0, 0),
(220, 0, 0, 0, 0, 0, 'Kazordoon 41', 4, 4, 45000, 0, 1, 2, 9, 0, 0),
(221, 0, 0, 0, 0, 0, 'Kazordoon 42', 4, 4, 45000, 0, 1, 2, 9, 0, 0),
(222, 0, 0, 0, 0, 0, 'Kazordoon 43', 4, 4, 45000, 0, 1, 2, 9, 0, 0),
(223, 0, 0, 0, 0, 0, 'Kazordoon 44', 4, 4, 45000, 0, 1, 2, 9, 0, 0),
(224, 0, 0, 0, 0, 0, 'Kazordoon 45', 4, 4, 50000, 0, 1, 2, 10, 0, 0),
(225, 0, 0, 0, 0, 0, 'Kazordoon 46', 4, 4, 50000, 0, 1, 2, 10, 0, 0),
(226, 0, 0, 0, 0, 0, 'Kazordoon 47', 4, 4, 50000, 0, 1, 2, 10, 0, 0),
(227, 0, 0, 0, 0, 0, 'Kazordoon 48', 4, 4, 45000, 0, 1, 2, 9, 0, 0),
(228, 0, 0, 0, 0, 0, 'Kazordoon 49', 4, 11, 100000, 0, 1, 4, 20, 0, 0),
(229, 0, 0, 0, 0, 0, 'Kazordoon 50', 4, 4, 45000, 0, 1, 2, 9, 0, 0),
(230, 0, 0, 0, 0, 0, 'Kazordoon 51', 4, 4, 45000, 0, 1, 2, 9, 0, 0),
(231, 0, 0, 0, 0, 0, 'Kazordoon 52', 4, 4, 45000, 0, 1, 2, 9, 0, 0),
(232, 0, 0, 0, 0, 0, 'Kazordoon 53', 4, 4, 50000, 0, 1, 2, 10, 0, 0),
(233, 0, 0, 0, 0, 0, 'Kazordoon 54', 4, 14, 115000, 0, 1, 2, 23, 0, 0),
(234, 0, 0, 0, 0, 0, 'Kazordoon 55', 4, 14, 120000, 0, 0, 2, 24, 0, 0),
(235, 0, 0, 0, 0, 0, 'Kazordoon 56', 4, 14, 120000, 0, 1, 2, 24, 0, 0),
(236, 0, 0, 0, 0, 0, 'Kazordoon 57', 4, 14, 120000, 0, 1, 2, 24, 0, 0),
(237, 0, 0, 0, 0, 0, 'Kazordoon 58', 4, 14, 115000, 0, 1, 2, 23, 0, 0),
(238, 0, 0, 0, 0, 0, 'Kazordoon 59', 4, 14, 115000, 0, 1, 2, 23, 0, 0),
(239, 0, 0, 0, 0, 0, 'Kazordoon 60', 4, 30, 225000, 0, 1, 6, 45, 0, 0),
(240, 0, 0, 0, 0, 0, 'Kazordoon 61', 4, 30, 225000, 0, 1, 6, 45, 0, 0),
(241, 0, 0, 0, 0, 0, 'Kazordoon 62', 4, 30, 225000, 0, 1, 6, 45, 0, 0),
(242, 0, 0, 0, 0, 0, 'Kazordoon 63', 4, 34, 255000, 0, 2, 6, 51, 0, 0),
(243, 0, 0, 0, 0, 0, 'Kazordoon 64', 4, 21, 160000, 0, 1, 4, 32, 0, 0),
(244, 0, 0, 0, 0, 0, 'Kazordoon 65', 4, 21, 160000, 0, 1, 4, 32, 0, 0),
(245, 0, 0, 0, 0, 0, 'Kazordoon 66', 4, 21, 160000, 0, 1, 4, 32, 0, 0),
(246, 0, 0, 0, 0, 0, 'Kazordoon 67', 4, 21, 165000, 0, 1, 4, 33, 0, 0),
(247, 0, 0, 0, 0, 0, 'Kazordoon 68', 4, 16, 145000, 0, 1, 4, 29, 0, 0),
(248, 0, 0, 0, 0, 0, 'Kazordoon Guild House 1', 4, 279, 1725000, 0, 18, 34, 345, 0, 0),
(250, 0, 0, 0, 0, 0, 'Kazordoon Guild House 3', 4, 243, 1750000, 0, 15, 36, 350, 0, 0),
(252, 0, 0, 0, 0, 0, 'Thais 1', 5, 19, 130000, 0, 2, 2, 26, 0, 0),
(253, 0, 0, 0, 0, 0, 'Thais 2', 5, 35, 225000, 0, 3, 4, 45, 0, 0),
(254, 0, 0, 0, 0, 0, 'Thais 3', 5, 48, 295000, 0, 4, 8, 59, 0, 0),
(255, 0, 0, 0, 0, 0, 'Thais 4', 5, 22, 140000, 0, 1, 4, 28, 0, 0),
(256, 0, 0, 0, 0, 0, 'Thais 5', 5, 21, 145000, 0, 1, 4, 29, 0, 0),
(257, 0, 0, 0, 0, 0, 'Thais 6', 5, 21, 150000, 0, 1, 4, 30, 0, 0),
(258, 0, 0, 0, 0, 0, 'Thais 7', 5, 21, 150000, 0, 1, 4, 30, 0, 0),
(259, 0, 0, 0, 0, 0, 'Thais 8', 5, 16, 125000, 0, 1, 4, 25, 0, 0),
(260, 0, 0, 0, 0, 0, 'Thais 90', 5, 287, 2340000, 0, 19, 14, 468, 0, 0),
(261, 0, 0, 0, 0, 0, 'Thais 10', 5, 17, 105000, 0, 1, 4, 21, 0, 0),
(262, 0, 0, 0, 0, 0, 'Thais 11', 5, 17, 105000, 0, 1, 4, 21, 0, 0),
(263, 0, 0, 0, 0, 0, 'Thais 12', 5, 17, 105000, 0, 1, 4, 21, 0, 0),
(264, 0, 0, 0, 0, 0, 'Thais 13', 5, 16, 105000, 0, 1, 4, 21, 0, 0),
(265, 0, 0, 0, 0, 0, 'Thais 14', 5, 12, 65000, 0, 1, 0, 13, 0, 0),
(266, 0, 0, 0, 0, 0, 'Thais 15', 5, 12, 65000, 0, 1, 0, 13, 0, 0),
(267, 0, 0, 0, 0, 0, 'Thais 16', 5, 13, 65000, 0, 1, 0, 13, 0, 0),
(268, 0, 0, 0, 0, 0, 'Thais 17', 5, 12, 65000, 0, 1, 0, 13, 0, 0),
(269, 0, 0, 0, 0, 0, 'Thais 18', 5, 13, 65000, 0, 1, 0, 13, 0, 0),
(270, 0, 0, 0, 0, 0, 'Thais 19', 5, 13, 65000, 0, 1, 0, 13, 0, 0),
(271, 0, 0, 0, 0, 0, 'Thais 20', 5, 16, 85000, 0, 1, 0, 17, 0, 0),
(272, 0, 0, 0, 0, 0, 'Thais 21', 5, 13, 65000, 0, 1, 0, 13, 0, 0),
(273, 0, 0, 0, 0, 0, 'Thais 22', 5, 16, 85000, 0, 1, 0, 17, 0, 0),
(274, 0, 0, 0, 0, 0, 'Thais 23', 5, 13, 65000, 0, 1, 0, 13, 0, 0),
(275, 0, 0, 0, 0, 0, 'Thais 24', 5, 17, 85000, 0, 1, 0, 17, 0, 0),
(276, 0, 0, 0, 0, 0, 'Thais 25', 5, 12, 65000, 0, 1, 0, 13, 0, 0),
(277, 0, 0, 0, 0, 0, 'Thais 26', 5, 17, 85000, 0, 1, 0, 17, 0, 0),
(278, 0, 0, 0, 0, 0, 'Thais 27', 5, 13, 65000, 0, 1, 0, 13, 0, 0),
(279, 0, 0, 0, 0, 0, 'Thais 28', 5, 19, 95000, 0, 1, 0, 19, 0, 0),
(280, 0, 0, 0, 0, 0, 'Thais 29', 5, 48, 290000, 0, 5, 6, 58, 0, 0),
(281, 0, 0, 0, 0, 0, 'Thais 30', 5, 25, 205000, 0, 1, 6, 41, 0, 0),
(282, 0, 0, 0, 0, 0, 'Thais 31', 5, 129, 710000, 0, 4, 0, 142, 0, 0),
(283, 0, 0, 0, 0, 0, 'Thais 32', 5, 17, 85000, 0, 1, 0, 17, 0, 0),
(284, 0, 0, 0, 0, 0, 'Thais 33', 5, 17, 85000, 0, 1, 0, 17, 0, 0),
(285, 0, 0, 0, 0, 0, 'Thais 34', 5, 17, 85000, 0, 1, 0, 17, 0, 0),
(286, 0, 0, 0, 0, 0, 'Thais 35', 5, 17, 85000, 0, 1, 0, 17, 0, 0),
(287, 0, 0, 0, 0, 0, 'Thais 36', 5, 16, 85000, 0, 1, 0, 17, 0, 0),
(288, 0, 0, 0, 0, 0, 'Thais 37', 5, 17, 85000, 0, 1, 0, 17, 0, 0),
(289, 0, 0, 0, 0, 0, 'Thais 38', 5, 24, 125000, 0, 1, 0, 25, 0, 0),
(290, 0, 0, 0, 0, 0, 'Thais 39', 5, 24, 125000, 0, 1, 0, 25, 0, 0),
(291, 0, 0, 0, 0, 0, 'Thais 40', 5, 18, 100000, 0, 2, 2, 20, 0, 0),
(292, 0, 0, 0, 0, 0, 'Thais 41', 5, 25, 150000, 0, 2, 4, 30, 0, 0),
(293, 0, 0, 0, 0, 0, 'Thais 42', 5, 24, 150000, 0, 2, 4, 30, 0, 0),
(294, 0, 0, 0, 0, 0, 'Thais 43', 5, 17, 100000, 0, 2, 2, 20, 0, 0),
(295, 0, 0, 0, 0, 0, 'Thais 44', 5, 16, 100000, 0, 2, 2, 20, 0, 0),
(296, 0, 0, 0, 0, 0, 'Thais 45', 5, 14, 85000, 0, 1, 2, 17, 0, 0),
(297, 0, 0, 0, 0, 0, 'Thais 46', 5, 15, 85000, 0, 1, 2, 17, 0, 0),
(298, 0, 0, 0, 0, 0, 'Thais 47', 5, 15, 85000, 0, 1, 2, 17, 0, 0),
(299, 0, 0, 0, 0, 0, 'Thais 48', 5, 15, 85000, 0, 1, 2, 17, 0, 0),
(300, 0, 0, 0, 0, 0, 'Thais 49', 5, 15, 85000, 0, 1, 2, 17, 0, 0),
(301, 0, 0, 0, 0, 0, 'Thais 50', 5, 17, 95000, 0, 1, 2, 19, 0, 0),
(302, 0, 0, 0, 0, 0, 'Thais 51', 5, 23, 145000, 0, 2, 3, 29, 0, 0),
(303, 0, 0, 0, 0, 0, 'Thais 52', 5, 23, 150000, 0, 2, 4, 30, 0, 0),
(304, 0, 0, 0, 0, 0, 'Thais 53', 5, 17, 100000, 0, 2, 2, 20, 0, 0),
(305, 0, 0, 0, 0, 0, 'Thais 54', 5, 18, 100000, 0, 2, 2, 20, 0, 0),
(306, 0, 0, 0, 0, 0, 'Thais 55', 5, 14, 85000, 0, 1, 2, 17, 0, 0),
(307, 0, 0, 0, 0, 0, 'Thais 56', 5, 63, 410000, 0, 7, 4, 82, 0, 0),
(308, 0, 0, 0, 0, 0, 'Thais 57', 5, 63, 445000, 0, 7, 4, 89, 0, 0),
(309, 0, 0, 0, 0, 0, 'Thais 58', 5, 67, 510000, 0, 7, 4, 102, 0, 0),
(310, 0, 0, 0, 0, 0, 'Thais 59', 5, 63, 725000, 0, 7, 4, 145, 0, 0),
(311, 0, 0, 0, 0, 0, 'Thais 60', 5, 45, 250000, 0, 2, 0, 50, 0, 0),
(312, 0, 0, 0, 0, 0, 'Thais 61', 5, 55, 310000, 0, 1, 0, 62, 0, 0),
(313, 0, 0, 0, 0, 0, 'Thais 62', 5, 20, 105000, 0, 1, 0, 21, 0, 0),
(316, 0, 0, 0, 0, 0, 'Thais 63', 5, 18, 95000, 0, 1, 0, 19, 0, 0),
(317, 0, 0, 0, 0, 0, 'Thais 66', 5, 19, 95000, 0, 1, 0, 19, 0, 0),
(318, 0, 0, 0, 0, 0, 'Thais 67', 5, 12, 65000, 0, 1, 0, 13, 0, 0),
(319, 0, 0, 0, 0, 0, 'Thais 68', 5, 12, 65000, 0, 1, 0, 13, 0, 0),
(320, 0, 0, 0, 0, 0, 'Thais 69', 5, 13, 65000, 0, 1, 0, 13, 0, 0),
(321, 0, 0, 0, 0, 0, 'Thais 70', 5, 13, 65000, 0, 1, 0, 13, 0, 0),
(322, 0, 0, 0, 0, 0, 'Thais 71', 5, 12, 65000, 0, 1, 0, 13, 0, 0),
(323, 0, 0, 0, 0, 0, 'Thais 72', 5, 13, 65000, 0, 1, 0, 13, 0, 0),
(324, 0, 0, 0, 0, 0, 'Thais 73', 5, 15, 80000, 0, 1, 0, 16, 0, 0),
(325, 0, 0, 0, 0, 0, 'Thais 74', 5, 15, 80000, 0, 1, 0, 16, 0, 0),
(326, 0, 0, 0, 0, 0, 'Thais 75', 5, 7, 35000, 0, 1, 0, 7, 0, 0),
(327, 0, 0, 0, 0, 0, 'Thais 76', 5, 6, 35000, 0, 1, 0, 7, 0, 0),
(328, 0, 0, 0, 0, 0, 'Thais 77', 5, 12, 150000, 0, 1, 0, 30, 0, 0),
(329, 0, 0, 0, 0, 0, 'Thais 78', 5, 12, 150000, 0, 1, 0, 30, 0, 0),
(330, 0, 0, 0, 0, 0, 'Thais 79', 5, 13, 120000, 0, 1, 0, 24, 0, 0),
(331, 0, 0, 0, 0, 0, 'Thais 80', 5, 13, 145000, 0, 1, 0, 29, 0, 0),
(332, 0, 0, 0, 0, 0, 'Thais 81', 5, 18, 150000, 0, 1, 0, 30, 0, 0),
(333, 0, 0, 0, 0, 0, 'Thais 82', 5, 12, 125000, 0, 1, 0, 25, 0, 0),
(334, 0, 0, 0, 0, 0, 'Thais 83', 5, 13, 150000, 0, 1, 0, 30, 0, 0),
(335, 0, 0, 0, 0, 0, 'Thais 84', 5, 12, 145000, 0, 1, 0, 29, 0, 0),
(336, 0, 0, 0, 0, 0, 'Thais 85', 5, 17, 95000, 0, 1, 0, 19, 0, 0),
(337, 0, 0, 0, 0, 0, 'Thais 86', 5, 13, 135000, 0, 1, 0, 27, 0, 0),
(338, 0, 0, 0, 0, 0, 'Thais 87', 5, 12, 125000, 0, 1, 0, 25, 0, 0),
(340, 0, 0, 0, 0, 0, 'Thais 89', 5, 21, 205000, 0, 2, 0, 41, 0, 0),
(342, 0, 0, 0, 0, 0, 'Greenshore 1', 5, 248, 1625000, 0, 14, 24, 325, 0, 0),
(343, 0, 0, 0, 0, 0, 'Greenshore 2', 5, 129, 820000, 0, 11, 19, 164, 0, 0),
(344, 0, 0, 0, 0, 0, 'Greenshore 3', 5, 30, 185000, 0, 1, 6, 37, 0, 0),
(345, 0, 0, 0, 0, 0, 'Greenshore 4', 5, 23, 185000, 0, 1, 4, 37, 0, 0),
(346, 0, 0, 0, 0, 0, 'Greenshore 5', 5, 24, 125000, 0, 1, 0, 25, 0, 0),
(347, 0, 0, 0, 0, 0, 'Greenshore 6', 5, 21, 130000, 0, 0, 2, 26, 0, 0),
(348, 0, 0, 0, 0, 0, 'Greenshore 7', 5, 119, 730000, 0, 7, 12, 146, 0, 0),
(349, 0, 0, 0, 0, 0, 'Greenshore 8', 5, 18, 105000, 0, 1, 2, 21, 0, 0),
(350, 0, 0, 0, 0, 0, 'Greenshore 9', 5, 113, 715000, 0, 8, 8, 143, 0, 0),
(351, 0, 0, 0, 0, 0, 'Thais 92', 5, 25, 220000, 0, 2, 0, 44, 0, 0),
(352, 0, 0, 0, 0, 0, 'Thais 93', 5, 17, 115000, 0, 2, 0, 23, 0, 0),
(353, 0, 0, 0, 0, 0, 'Thais 91', 5, 11, 105000, 0, 0, 0, 21, 0, 0),
(354, 0, 0, 0, 0, 0, 'Thais 94', 5, 23, 185000, 0, 2, 0, 37, 0, 0),
(355, 0, 0, 0, 0, 0, 'Thais 95', 5, 17, 115000, 0, 2, 0, 23, 0, 0),
(356, 0, 0, 0, 0, 0, 'Thais 96', 5, 319, 2955000, 0, 17, 46, 591, 0, 0),
(358, 0, 0, 0, 0, 0, 'Fibula 3', 5, 111, 685000, 0, 6, 14, 137, 0, 0),
(359, 0, 0, 0, 0, 0, 'Fibula 4', 5, 10, 90000, 0, 1, 1, 18, 0, 0),
(360, 0, 0, 0, 0, 0, 'Fibula 5', 5, 10, 90000, 0, 1, 2, 18, 0, 0),
(361, 0, 0, 0, 0, 0, 'Fibula 6', 5, 20, 155000, 0, 1, 4, 31, 0, 0),
(362, 0, 0, 0, 0, 0, 'Fibula 7', 5, 21, 145000, 0, 1, 4, 29, 0, 0),
(363, 0, 0, 0, 0, 0, 'Fibula 8', 5, 41, 325000, 0, 1, 8, 65, 0, 0),
(364, 0, 0, 0, 0, 0, 'Fibula 9', 5, 520, 3060000, 0, 18, 52, 612, 0, 0),
(365, 0, 0, 0, 0, 0, 'Thais Guild House 1', 5, 306, 1805000, 0, 13, 17, 361, 0, 0),
(366, 0, 0, 0, 0, 0, 'Thais Guild House 2', 5, 299, 1735000, 0, 20, 0, 347, 0, 0),
(367, 0, 0, 0, 0, 0, 'Thais Guild House 3', 5, 317, 1935000, 0, 19, 46, 387, 0, 0),
(368, 0, 0, 0, 0, 0, 'Thais Guild House 4', 5, 515, 3200000, 0, 28, 42, 640, 0, 0),
(369, 0, 0, 0, 0, 0, 'Thais Guild House 5', 5, 535, 4175000, 0, 38, 69, 835, 0, 0),
(1252, 0, 0, 0, 0, 0, 'Yalahar 1', 1, 176, 1115000, 0, 4, 6, 223, 0, 0),
(1253, 0, 0, 0, 0, 0, 'Yalahar 2', 1, 112, 730000, 0, 4, 4, 146, 0, 0),
(1254, 0, 0, 0, 0, 0, 'Yalahar Guildhall 2', 1, 445, 2850000, 0, 12, 54, 570, 0, 0),
(1255, 0, 0, 0, 0, 0, 'Yalahar 3', 1, 97, 695000, 0, 4, 4, 139, 0, 0),
(1256, 0, 0, 0, 0, 0, 'Yalahar 4', 1, 79, 570000, 0, 5, 8, 114, 0, 0),
(1257, 0, 0, 0, 0, 0, 'Yalahar 5', 1, 110, 795000, 0, 7, 8, 159, 0, 0),
(1258, 0, 0, 0, 0, 0, 'Yalahar Guildhall 1', 1, 414, 2825000, 0, 20, 62, 565, 0, 0),
(1259, 0, 0, 0, 0, 0, 'Yalahar 6', 1, 133, 815000, 0, 4, 4, 163, 0, 0),
(1260, 0, 0, 0, 0, 0, 'Yalahar 7', 1, 120, 885000, 0, 5, 8, 177, 0, 0),
(1261, 0, 0, 0, 0, 0, 'Yalahar 8', 1, 87, 570000, 0, 2, 4, 114, 0, 0),
(1262, 0, 0, 0, 0, 0, 'Yalahar 9', 1, 113, 655000, 0, 2, 4, 131, 0, 0),
(1263, 0, 0, 0, 0, 0, 'Yalahar 10', 1, 129, 875000, 0, 5, 4, 175, 0, 0),
(1264, 0, 0, 0, 0, 0, 'Yalahar 11', 1, 235, 1430000, 0, 4, 8, 286, 0, 0),
(1265, 0, 0, 0, 0, 0, 'Yalahar Guildhall 3', 1, 309, 2540000, 0, 21, 68, 508, 0, 0),
(1266, 0, 0, 0, 0, 0, 'Yalahar 12', 1, 143, 905000, 0, 3, 8, 181, 0, 0),
(1267, 0, 0, 0, 0, 0, 'Yalahar 13', 1, 127, 820000, 0, 4, 8, 164, 0, 0),
(1268, 0, 0, 0, 0, 0, 'Yalahar 14', 1, 120, 850000, 0, 6, 4, 170, 0, 0),
(1269, 0, 0, 0, 0, 0, 'Yalahar 15', 1, 173, 1185000, 0, 7, 10, 237, 0, 0),
(1270, 0, 0, 0, 0, 0, 'Yalahar 16', 1, 147, 895000, 0, 8, 4, 179, 0, 0),
(1271, 0, 0, 0, 0, 0, 'Svargrond House 1', 13, 12, 105000, 0, 1, 4, 21, 0, 0),
(1276, 0, 0, 0, 0, 0, 'Svargrond House 3', 13, 11, 125000, 0, 1, 4, 25, 0, 0),
(1277, 0, 0, 0, 0, 0, 'Svargrond House 4', 13, 16, 135000, 0, 1, 4, 27, 0, 0),
(1278, 0, 0, 0, 0, 0, 'Svargrond House 5', 13, 51, 460000, 0, 5, 8, 92, 0, 0),
(1279, 0, 0, 0, 0, 0, 'Svargrond House 6', 13, 65, 455000, 0, 2, 0, 91, 0, 0),
(1280, 0, 0, 0, 0, 0, 'Svargrond House 7', 13, 47, 405000, 0, 4, 4, 81, 0, 0),
(1281, 0, 0, 0, 0, 0, 'Svargrond House 8', 13, 77, 600000, 0, 4, 6, 120, 0, 0),
(1282, 0, 0, 0, 0, 0, 'Svargrond House 9', 13, 29, 255000, 0, 3, 8, 51, 0, 0),
(1283, 0, 0, 0, 0, 0, 'Svargrond House 10', 13, 65, 470000, 0, 3, 8, 94, 0, 0),
(1284, 0, 0, 0, 0, 0, 'Svargrond House 11', 13, 233, 1835000, 0, 11, 48, 367, 0, 0),
(1285, 0, 0, 0, 0, 0, 'Svargrond House 12', 13, 43, 330000, 0, 3, 4, 66, 0, 0),
(1286, 0, 0, 0, 0, 0, 'Svargrond House 13', 13, 22, 210000, 0, 2, 4, 42, 0, 0),
(1288, 0, 0, 0, 0, 0, 'Svargrond House 14', 13, 20, 180000, 0, 2, 2, 36, 0, 0),
(1289, 0, 0, 0, 0, 0, 'Svargrond House 15', 13, 30, 220000, 0, 3, 4, 44, 0, 0),
(1290, 0, 0, 0, 0, 0, 'Svargrond House 16', 13, 26, 210000, 0, 2, 4, 42, 0, 0),
(1291, 0, 0, 0, 0, 0, 'Svargrond House 17', 13, 59, 410000, 0, 1, 6, 82, 0, 0),
(1292, 0, 0, 0, 0, 0, 'Svargrond House 18', 13, 20, 165000, 0, 1, 4, 33, 0, 0),
(1293, 0, 0, 0, 0, 0, 'Svargrond House 19', 13, 53, 360000, 0, 4, 6, 72, 0, 0),
(1294, 0, 0, 0, 0, 0, 'Svargrond House 20', 13, 81, 675000, 0, 4, 6, 135, 0, 0),
(1295, 0, 0, 0, 0, 0, 'Svargrond House 21', 13, 27, 250000, 0, 2, 4, 50, 0, 0),
(1296, 0, 0, 0, 0, 0, 'Svargrond House 22', 13, 46, 380000, 0, 4, 4, 76, 0, 0),
(1297, 0, 0, 0, 0, 0, 'Svargrond House 23', 13, 17, 165000, 0, 2, 2, 33, 0, 0),
(1298, 0, 0, 0, 0, 0, 'Svargrond House 24', 13, 17, 165000, 0, 2, 2, 33, 0, 0),
(1299, 0, 0, 0, 0, 0, 'Svargrond House 25', 13, 20, 155000, 0, 1, 0, 31, 0, 0),
(1300, 0, 0, 0, 0, 0, 'Svargrond House 26', 13, 27, 240000, 0, 3, 4, 48, 0, 0),
(1301, 0, 0, 0, 0, 0, 'Svargrond House 27', 13, 35, 285000, 0, 3, 6, 57, 0, 0),
(1302, 0, 0, 0, 0, 0, 'Svargrond House 28', 13, 98, 740000, 0, 5, 8, 148, 0, 0),
(1303, 0, 0, 0, 0, 0, 'Svargrond House 29', 13, 16, 155000, 0, 2, 2, 31, 0, 0),
(1304, 0, 0, 0, 0, 0, 'Svargrond House 30', 13, 25, 260000, 0, 3, 6, 52, 0, 0),
(1305, 0, 0, 0, 0, 0, 'Svargrond House 31', 13, 15, 155000, 0, 2, 2, 31, 0, 0),
(1306, 0, 0, 0, 0, 0, 'Svargrond House 32', 13, 34, 280000, 0, 2, 4, 56, 0, 0),
(1307, 0, 0, 0, 0, 0, 'Svargrond House 33', 13, 35, 270000, 0, 3, 6, 54, 0, 0),
(1308, 0, 0, 0, 0, 0, 'Svargrond House 34', 13, 70, 535000, 0, 5, 6, 107, 0, 0),
(1309, 0, 0, 0, 0, 0, 'Svargrond House 35', 13, 83, 575000, 0, 3, 6, 115, 0, 0),
(1310, 0, 0, 0, 0, 0, 'Svargrond House 36', 13, 23, 235000, 0, 2, 4, 47, 0, 0),
(1311, 0, 0, 0, 0, 0, 'Svargrond House 37', 13, 275, 2700000, 0, 15, 60, 540, 0, 0),
(1312, 0, 0, 0, 0, 0, 'Svargrond House 38', 13, 20, 175000, 0, 1, 4, 35, 0, 0),
(1313, 0, 0, 0, 0, 0, 'Svargrond House 39', 13, 23, 210000, 0, 2, 4, 42, 0, 0),
(1314, 0, 0, 0, 0, 0, 'Svargrond House 40', 13, 33, 340000, 0, 3, 6, 68, 0, 0),
(1315, 0, 0, 0, 0, 0, 'Svargrond House 41', 13, 27, 250000, 0, 2, 4, 50, 0, 0),
(1316, 0, 0, 0, 0, 0, 'Svargrond House 42', 13, 23, 215000, 0, 2, 4, 43, 0, 0),
(1317, 0, 0, 0, 0, 0, 'Svargrond House 43', 13, 23, 210000, 0, 2, 4, 42, 0, 0),
(1318, 0, 0, 0, 0, 0, 'Svargrond House 44', 13, 22, 200000, 0, 2, 4, 40, 0, 0),
(1319, 0, 0, 0, 0, 0, 'Svargrond House 45', 13, 8, 105000, 0, 1, 4, 21, 0, 0),
(1320, 0, 0, 0, 0, 0, 'Svargrond House 46', 13, 8, 105000, 0, 1, 4, 21, 0, 0),
(1323, 0, 0, 0, 0, 0, 'Svargrond House 47', 13, 10, 105000, 0, 1, 2, 21, 0, 0),
(1324, 0, 0, 0, 0, 0, 'Svargrond House 48', 13, 10, 85000, 0, 1, 2, 17, 0, 0),
(1325, 0, 0, 0, 0, 0, 'Svargrond House 49', 13, 8, 80000, 0, 1, 4, 16, 0, 0),
(1327, 0, 0, 0, 0, 0, 'Liberty Bay Flat #1327', 12, 471, 3665000, 0, 9, 51, 733, 0, 0),
(1329, 0, 0, 0, 0, 0, 'Liberty Bay Flat #1329', 12, 178, 1350000, 0, 6, 12, 270, 0, 0),
(1330, 0, 0, 0, 0, 0, 'Liberty Bay Flat #1330', 12, 115, 880000, 0, 2, 6, 176, 0, 0),
(1331, 0, 0, 0, 0, 0, 'Liberty Bay Flat #1331', 12, 133, 975000, 0, 4, 8, 195, 0, 0),
(1332, 0, 0, 0, 0, 0, 'Liberty Bay Flat #1332', 12, 12, 125000, 0, 0, 4, 25, 0, 0),
(1333, 0, 0, 0, 0, 0, 'Liberty Bay Flat #1333', 12, 12, 130000, 0, 0, 4, 26, 0, 0),
(1334, 0, 0, 0, 0, 0, 'Liberty Bay Flat #1334', 12, 12, 125000, 0, 0, 4, 25, 0, 0),
(1335, 0, 0, 0, 0, 0, 'Liberty Bay Flat #1335', 12, 12, 130000, 0, 0, 4, 26, 0, 0),
(1336, 0, 0, 0, 0, 0, 'Liberty Bay Flat #1336', 12, 12, 140000, 0, 0, 4, 28, 0, 0),
(1337, 0, 0, 0, 0, 0, 'Liberty Bay Flat #1337', 12, 12, 125000, 0, 0, 4, 25, 0, 0),
(1338, 0, 0, 0, 0, 0, 'Liberty Bay Flat #1338', 12, 12, 125000, 0, 1, 4, 25, 0, 0),
(1339, 0, 0, 0, 0, 0, 'Liberty Bay Flat #1339', 12, 12, 120000, 0, 1, 4, 24, 0, 0),
(1340, 0, 0, 0, 0, 0, 'Liberty Bay Flat #1340', 12, 12, 125000, 0, 1, 4, 25, 0, 0),
(1341, 0, 0, 0, 0, 0, 'Liberty Bay Flat #1341', 12, 12, 125000, 0, 1, 4, 25, 0, 0),
(1342, 0, 0, 0, 0, 0, 'Liberty Bay Flat #1342', 12, 12, 130000, 0, 1, 4, 26, 0, 0),
(1343, 0, 0, 0, 0, 0, 'Liberty Bay Flat #1343', 12, 12, 125000, 0, 1, 4, 25, 0, 0),
(1344, 0, 0, 0, 0, 0, 'Liberty Bay Flat #1344', 12, 102, 770000, 0, 3, 8, 154, 0, 0),
(1345, 0, 0, 0, 0, 0, 'Liberty Bay Flat #1345', 12, 87, 675000, 0, 4, 4, 135, 0, 0),
(1346, 0, 0, 0, 0, 0, 'Liberty Bay Flat #1346', 12, 82, 715000, 0, 5, 8, 143, 0, 0),
(1349, 0, 0, 0, 0, 0, 'Liberty Bay Flat #1349', 12, 121, 875000, 0, 3, 4, 175, 0, 0),
(1351, 0, 0, 0, 0, 0, 'Liberty Bay Flat #1351', 12, 43, 330000, 0, 2, 4, 66, 0, 0),
(1353, 0, 0, 0, 0, 0, 'Liberty Bay Flat #1353', 12, 107, 875000, 0, 5, 8, 175, 0, 0),
(1354, 0, 0, 0, 0, 0, 'Liberty Bay Flat #1354', 12, 58, 435000, 0, 3, 8, 87, 0, 0),
(1355, 0, 0, 0, 0, 0, 'Liberty Bay Flat #1355', 12, 49, 385000, 0, 1, 6, 77, 0, 0),
(1356, 0, 0, 0, 0, 0, 'Liberty Bay Flat #1356', 12, 40, 330000, 0, 1, 6, 66, 0, 0),
(1357, 0, 0, 0, 0, 0, 'Liberty Bay Flat #1357', 12, 22, 200000, 0, 1, 6, 40, 0, 0),
(1358, 0, 0, 0, 0, 0, 'Liberty Bay Flat #1358', 12, 12, 125000, 0, 0, 4, 25, 0, 0),
(1359, 0, 0, 0, 0, 0, 'Liberty Bay Flat #1359', 12, 13, 125000, 0, 1, 4, 25, 0, 0),
(1361, 0, 0, 0, 0, 0, 'Liberty Bay Flat #1361', 12, 30, 255000, 0, 1, 6, 51, 0, 0),
(1362, 0, 0, 0, 0, 0, 'Svargrond Flat 9', 13, 17, 185000, 0, 2, 4, 37, 0, 0),
(1364, 0, 0, 0, 0, 0, 'Svargrond Flat 2', 13, 82, 625000, 0, 4, 6, 125, 0, 0),
(1365, 0, 0, 0, 0, 0, 'Svargrond Flat 3', 13, 7, 85000, 0, 1, 2, 17, 0, 0),
(1366, 0, 0, 0, 0, 0, 'Svargrond Flat 4', 13, 5, 85000, 0, 1, 4, 17, 0, 0),
(1367, 0, 0, 0, 0, 0, 'Svargrond Flat 5', 13, 7, 85000, 0, 1, 2, 17, 0, 0),
(1368, 0, 0, 0, 0, 0, 'Svargrond Flat 6', 13, 7, 85000, 0, 1, 2, 17, 0, 0),
(1372, 0, 0, 0, 0, 0, 'Port Hope Flat 1', 10, 20, 180000, 0, 1, 4, 36, 0, 0),
(1373, 0, 0, 0, 0, 0, 'Port Hope Flat 2', 10, 22, 180000, 0, 1, 2, 36, 0, 0),
(1374, 0, 0, 0, 0, 0, 'Port Hope Flat 3', 10, 22, 210000, 0, 1, 2, 42, 0, 0),
(1375, 0, 0, 0, 0, 0, 'Port Hope Flat 4', 10, 29, 245000, 0, 2, 2, 49, 0, 0),
(1378, 0, 0, 0, 0, 0, 'Port Hope Flat 5', 10, 158, 1190000, 0, 2, 10, 238, 0, 0),
(1383, 0, 0, 0, 0, 0, 'Port Hope Flat 6', 10, 170, 1175000, 0, 5, 2, 235, 0, 0),
(1384, 0, 0, 0, 0, 0, 'Port Hope\'s Mansion', 10, 4, 60000, 0, 1, 2, 12, 0, 0),
(1385, 0, 0, 0, 0, 0, 'Port Hope Flat #1385', 10, 4, 60000, 0, 1, 2, 12, 0, 0),
(1386, 0, 0, 0, 0, 0, 'Port Hope Flat #1386', 10, 4, 70000, 0, 1, 2, 14, 0, 0),
(1387, 0, 0, 0, 0, 0, 'Port Hope Flat #1387', 10, 10, 125000, 0, 1, 6, 25, 0, 0),
(1388, 0, 0, 0, 0, 0, 'Port Hope Flat #1388', 10, 9, 125000, 0, 1, 6, 25, 0, 0),
(1389, 0, 0, 0, 0, 0, 'Port Hope Flat #1389', 10, 13, 180000, 0, 1, 12, 36, 0, 0),
(1390, 0, 0, 0, 0, 0, 'Port Hope Flat #1390', 10, 8, 80000, 0, 1, 0, 16, 0, 0),
(1391, 0, 0, 0, 0, 0, 'Port Hope Flat #1391', 10, 14, 125000, 0, 1, 2, 25, 0, 0),
(1392, 0, 0, 0, 0, 0, 'Port Hope Flat #1392', 10, 6, 80000, 0, 1, 2, 16, 0, 0),
(1393, 0, 0, 0, 0, 0, 'Port Hope Flat #1393', 10, 6, 80000, 0, 1, 2, 16, 0, 0),
(1394, 0, 0, 0, 0, 0, 'Port Hope Flat #1394', 10, 6, 80000, 0, 1, 2, 16, 0, 0),
(1395, 0, 0, 0, 0, 0, 'Port Hope Flat #1395', 10, 32, 245000, 0, 1, 4, 49, 0, 0),
(1396, 0, 0, 0, 0, 0, 'Port Hope Flat #1396', 10, 11, 125000, 0, 1, 4, 25, 0, 0),
(1397, 0, 0, 0, 0, 0, 'Port Hope Flat #1397', 10, 16, 150000, 0, 1, 4, 30, 0, 0),
(1398, 0, 0, 0, 0, 0, 'Port Hope Flat #1398', 10, 21, 180000, 0, 1, 4, 36, 0, 0),
(1399, 0, 0, 0, 0, 0, 'Port Hope Flat #1399', 10, 89, 705000, 0, 3, 8, 141, 0, 0),
(1400, 0, 0, 0, 0, 0, 'Port Hope Flat #1400', 10, 44, 300000, 0, 1, 0, 60, 0, 0),
(1401, 0, 0, 0, 0, 0, 'Port Hope Flat #1401', 10, 16, 150000, 0, 1, 4, 30, 0, 0),
(1403, 0, 0, 0, 0, 0, 'Port Hope Flat #1403', 10, 32, 270000, 0, 1, 8, 54, 0, 0),
(1404, 0, 0, 0, 0, 0, 'Port Hope Flat #1404', 10, 36, 280000, 0, 1, 6, 56, 0, 0),
(1405, 0, 0, 0, 0, 0, 'Port Hope Flat #1405', 10, 10, 100000, 0, 1, 2, 20, 0, 0),
(1406, 0, 0, 0, 0, 0, 'Port Hope Flat #1406', 10, 13, 120000, 0, 1, 2, 24, 0, 0),
(1407, 0, 0, 0, 0, 0, 'Port Hope Flat #1407', 10, 7, 85000, 0, 1, 2, 17, 0, 0),
(1408, 0, 0, 0, 0, 0, 'Port Hope Flat #1408', 10, 66, 490000, 0, 1, 6, 98, 0, 0),
(1409, 0, 0, 0, 0, 0, 'Port Hope Flat #1409', 10, 13, 125000, 0, 1, 2, 25, 0, 0),
(1410, 0, 0, 0, 0, 0, 'Port Hope Flat #1410', 10, 10, 100000, 0, 1, 2, 20, 0, 0),
(1411, 0, 0, 0, 0, 0, 'Port Hope Flat #1411', 10, 25, 240000, 0, 2, 4, 48, 0, 0),
(1412, 0, 0, 0, 0, 0, 'Port Hope Flat #1412', 10, 6, 75000, 0, 1, 2, 15, 0, 0),
(1413, 0, 0, 0, 0, 0, 'Port Hope Flat #1413', 10, 20, 180000, 0, 1, 4, 36, 0, 0),
(1414, 0, 0, 0, 0, 0, 'Port Hope Flat #1414', 10, 23, 210000, 0, 1, 6, 42, 0, 0),
(1415, 0, 0, 0, 0, 0, 'Port Hope Flat #1415', 10, 80, 710000, 0, 3, 14, 142, 0, 0),
(1417, 0, 0, 0, 0, 0, 'Port Hope Flat #1417', 10, 112, 665000, 0, 3, 8, 133, 0, 0),
(1418, 0, 0, 0, 0, 0, 'Port Hope Flat #1418', 10, 44, 355000, 0, 1, 6, 71, 0, 0),
(1419, 0, 0, 0, 0, 0, 'Port Hope Flat #1419', 10, 58, 475000, 0, 2, 6, 95, 0, 0),
(1420, 0, 0, 0, 0, 0, 'Port Hope Flat #1420', 10, 13, 125000, 0, 1, 4, 25, 0, 0),
(1421, 0, 0, 0, 0, 0, 'Port Hope Flat #1421', 10, 13, 135000, 0, 1, 4, 27, 0, 0),
(1422, 0, 0, 0, 0, 0, 'Port Hope Flat #1422', 10, 11, 125000, 0, 1, 4, 25, 0, 0),
(1423, 0, 0, 0, 0, 0, 'Port Hope Flat #1423', 10, 6, 80000, 0, 1, 2, 16, 0, 0),
(1424, 0, 0, 0, 0, 0, 'Port Hope Flat #1424', 10, 39, 300000, 0, 1, 2, 60, 0, 0),
(1425, 0, 0, 0, 0, 0, 'Port Hope Flat #1425', 10, 13, 125000, 0, 1, 4, 25, 0, 0),
(1426, 0, 0, 0, 0, 0, 'Port Hope Flat #1426', 10, 8, 100000, 0, 1, 4, 20, 0, 0),
(1427, 0, 0, 0, 0, 0, 'Port Hope Flat #1427', 10, 16, 150000, 0, 1, 4, 30, 0, 0),
(1428, 0, 0, 0, 0, 0, 'Port Hope Flat #1428', 10, 9, 100000, 0, 1, 4, 20, 0, 0),
(1429, 0, 0, 0, 0, 0, 'Port Hope Flat #1429', 10, 10, 125000, 0, 1, 6, 25, 0, 0),
(1430, 0, 0, 0, 0, 0, 'Port Hope Flat #1430', 10, 10, 150000, 0, 1, 10, 30, 0, 0),
(1431, 0, 0, 0, 0, 0, 'Port Hope Flat #1431', 10, 2, 50000, 0, 1, 2, 10, 0, 0),
(1432, 0, 0, 0, 0, 0, 'Port Hope Flat #1432', 10, 4, 65000, 0, 1, 2, 13, 0, 0),
(1433, 0, 0, 0, 0, 0, 'Port Hope Flat #1433', 10, 4, 80000, 0, 1, 4, 16, 0, 0),
(1434, 0, 0, 0, 0, 0, 'Port Hope Flat #1434', 10, 6, 55000, 0, 1, 2, 11, 0, 0),
(1435, 0, 0, 0, 0, 0, 'Port Hope Flat #1435', 10, 6, 55000, 0, 1, 2, 11, 0, 0),
(1436, 0, 0, 0, 0, 0, 'Port Hope Flat #1436', 10, 4, 60000, 0, 1, 4, 12, 0, 0),
(1437, 0, 0, 0, 0, 0, 'Port Hope Flat #1437', 10, 4, 60000, 0, 1, 4, 12, 0, 0),
(1438, 0, 0, 0, 0, 0, 'Port Hope Flat #1438', 10, 27, 245000, 0, 2, 4, 49, 0, 0),
(1439, 0, 0, 0, 0, 0, 'Port Hope Flat #1439', 10, 16, 150000, 0, 1, 4, 30, 0, 0),
(1440, 0, 0, 0, 0, 0, 'Port Hope Flat #1440', 10, 23, 245000, 0, 2, 6, 49, 0, 0),
(1443, 0, 0, 0, 0, 0, 'Liberty Bay Flat #1443', 12, 8, 100000, 0, 1, 4, 20, 0, 0),
(1445, 0, 0, 0, 0, 0, 'Liberty Bay Flat #1445', 12, 15, 130000, 0, 1, 4, 26, 0, 0),
(1446, 0, 0, 0, 0, 0, 'Liberty Bay Flat #1446', 12, 13, 110000, 0, 2, 4, 22, 0, 0),
(1447, 0, 0, 0, 0, 0, 'Liberty Bay Flat #1447', 12, 15, 130000, 0, 1, 4, 26, 0, 0),
(1448, 0, 0, 0, 0, 0, 'Liberty Bay Flat #1448', 12, 11, 80000, 0, 1, 2, 16, 0, 0),
(1449, 0, 0, 0, 0, 0, 'Liberty Bay Flat #1449', 12, 9, 85000, 0, 1, 4, 17, 0, 0),
(1450, 0, 0, 0, 0, 0, 'Liberty Bay Flat #1450', 12, 14, 125000, 0, 2, 4, 25, 0, 0),
(1451, 0, 0, 0, 0, 0, 'Liberty Bay Flat #1451', 12, 15, 115000, 0, 1, 2, 23, 0, 0),
(1452, 0, 0, 0, 0, 0, 'Liberty Bay Flat #1452', 12, 7, 70000, 0, 1, 2, 14, 0, 0),
(1453, 0, 0, 0, 0, 0, 'Liberty Bay Flat #1453', 12, 23, 155000, 0, 2, 2, 31, 0, 0),
(1454, 0, 0, 0, 0, 0, 'Liberty Bay Flat #1454', 12, 8, 70000, 0, 1, 2, 14, 0, 0),
(1455, 0, 0, 0, 0, 0, 'Liberty Bay Flat #1455', 12, 7, 70000, 0, 1, 2, 14, 0, 0),
(1456, 0, 0, 0, 0, 0, 'Liberty Bay Flat #1456', 12, 15, 155000, 0, 1, 10, 31, 0, 0),
(1457, 0, 0, 0, 0, 0, 'Liberty Bay Flat #1457', 12, 20, 150000, 0, 2, 2, 30, 0, 0),
(1458, 0, 0, 0, 0, 0, 'Liberty Bay Flat #1458', 12, 4, 50000, 0, 1, 2, 10, 0, 0),
(1459, 0, 0, 0, 0, 0, 'Liberty Bay Flat #1459', 12, 5, 55000, 0, 1, 2, 11, 0, 0),
(1460, 0, 0, 0, 0, 0, 'Liberty Bay Flat #1460', 12, 9, 75000, 0, 1, 2, 15, 0, 0),
(1461, 0, 0, 0, 0, 0, 'Liberty Bay Flat #1461', 12, 18, 125000, 0, 2, 4, 25, 0, 0),
(1462, 0, 0, 0, 0, 0, 'Liberty Bay Flat #1462', 12, 12, 95000, 0, 1, 4, 19, 0, 0),
(1463, 0, 0, 0, 0, 0, 'Liberty Bay Flat #1463', 12, 10, 105000, 0, 1, 2, 21, 0, 0),
(1464, 0, 0, 0, 0, 0, 'Liberty Bay Flat #1464', 12, 13, 130000, 0, 1, 2, 26, 0, 0),
(1465, 0, 0, 0, 0, 0, 'Liberty Bay Flat #1465', 12, 7, 70000, 0, 1, 2, 14, 0, 0),
(1466, 0, 0, 0, 0, 0, 'Liberty Bay Flat #1466', 12, 6, 65000, 0, 1, 4, 13, 0, 0),
(1467, 0, 0, 0, 0, 0, 'Liberty Bay Flat #1467', 12, 8, 70000, 0, 1, 2, 14, 0, 0),
(1468, 0, 0, 0, 0, 0, 'Liberty Bay Flat #1468', 12, 291, 2010000, 0, 12, 62, 402, 0, 0),
(1469, 0, 0, 0, 0, 0, 'Liberty Bay Flat #1469', 12, 107, 790000, 0, 5, 4, 158, 0, 0),
(1578, 0, 0, 0, 0, 0, 'Cormaya House 2', 14, 4, 20000, 0, 0, 0, 4, 0, 0),
(1579, 0, 0, 0, 0, 0, 'Cormaya House 3', 14, 7, 65000, 0, 1, 2, 13, 0, 0),
(1580, 0, 0, 0, 0, 0, 'Cormaya House 4', 14, 11, 105000, 0, 1, 4, 21, 0, 0),
(1582, 0, 0, 0, 0, 0, 'Cormaya House 6', 14, 7, 65000, 0, 1, 2, 13, 0, 0),
(1583, 0, 0, 0, 0, 0, 'Cormaya House 7', 14, 11, 105000, 0, 1, 4, 21, 0, 0),
(1585, 0, 0, 0, 0, 0, 'Cormaya House 9', 14, 5, 25000, 0, 0, 0, 5, 0, 0),
(1587, 0, 0, 0, 0, 0, 'Cormaya House 11', 14, 0, 40000, 0, 0, 0, 8, 0, 0),
(1588, 0, 0, 0, 0, 0, 'Cormaya House 12', 14, 3, 45000, 0, 0, 2, 9, 0, 0),
(1589, 0, 0, 0, 0, 0, 'Cormaya House 13', 14, 3, 30000, 0, 0, 2, 6, 0, 0),
(1590, 0, 0, 0, 0, 0, 'Cormaya House 14', 14, 10, 90000, 0, 1, 2, 18, 0, 0),
(1591, 0, 0, 0, 0, 0, 'Cormaya House 15', 14, 57, 425000, 0, 2, 2, 85, 0, 0),
(1592, 0, 0, 0, 0, 0, 'Cormaya House 16', 14, 23, 250000, 0, 1, 1, 50, 0, 0),
(1593, 0, 0, 0, 0, 0, 'Cormaya House 17', 14, 14, 70000, 0, 0, 0, 14, 0, 0),
(1594, 0, 0, 0, 0, 0, 'Cormaya House 18', 14, 150, 1275000, 0, 6, 16, 255, 0, 0),
(1595, 0, 0, 0, 0, 0, 'Cormaya House 19', 14, 19, 120000, 0, 0, 0, 24, 0, 0),
(1596, 0, 0, 0, 0, 0, 'Cormaya House 20', 14, 3, 15000, 0, 0, 0, 3, 0, 0),
(1597, 0, 0, 0, 0, 0, 'Cormaya House 21', 14, 7, 65000, 0, 1, 2, 13, 0, 0),
(1598, 0, 0, 0, 0, 0, 'Cormaya House 22', 14, 11, 95000, 0, 1, 4, 19, 0, 0),
(1600, 0, 0, 0, 0, 0, 'Cormaya House 24', 14, 7, 55000, 0, 1, 2, 11, 0, 0),
(1601, 0, 0, 0, 0, 0, 'Cormaya House 25', 14, 11, 110000, 0, 1, 4, 22, 0, 0),
(1602, 0, 0, 0, 0, 0, 'Thais Guildhouse 6', 5, 167, 1280000, 0, 9, 24, 256, 0, 0),
(1603, 0, 0, 0, 0, 0, 'Kazordoon Guild House 2', 4, 295, 1760000, 0, 18, 32, 352, 0, 0),
(1604, 0, 0, 0, 0, 0, 'Thais 64', 5, 17, 100000, 0, 1, 0, 20, 0, 0),
(1605, 0, 0, 0, 0, 0, 'Thais 65', 5, 21, 125000, 0, 1, 0, 25, 0, 0),
(1606, 0, 0, 0, 0, 0, 'Darashia Flat #1606', 7, 101, 970000, 0, 11, 6, 194, 0, 0),
(1607, 0, 0, 0, 0, 0, 'Darashia Flat #1607', 7, 14, 165000, 0, 2, 4, 33, 0, 0),
(1608, 0, 0, 0, 0, 0, 'Darashia Flat #1608', 7, 68, 675000, 0, 7, 4, 135, 0, 0),
(1609, 0, 0, 0, 0, 0, 'Darashia Flat #1609', 7, 54, 415000, 0, 1, 2, 83, 0, 0),
(1610, 0, 0, 0, 0, 0, 'Darashia Flat #1610', 7, 48, 390000, 0, 1, 4, 78, 0, 0),
(1611, 0, 0, 0, 0, 0, 'Darashia Flat #1611', 7, 68, 515000, 0, 2, 4, 103, 0, 0),
(1613, 0, 0, 0, 0, 0, 'Darashia Flat #1613', 7, 95, 740000, 0, 5, 4, 148, 0, 0),
(1615, 0, 0, 0, 0, 0, 'Darashia Flat #1615', 7, 56, 435000, 0, 1, 4, 87, 0, 0),
(1616, 0, 0, 0, 0, 0, 'Darashia Flat #1616', 7, 20, 195000, 0, 1, 4, 39, 0, 0),
(1617, 0, 0, 0, 0, 0, 'Darashia Flat #1617', 7, 22, 190000, 0, 1, 2, 38, 0, 0),
(1618, 0, 0, 0, 0, 0, 'Darashia Flat #1618', 7, 52, 440000, 0, 3, 6, 88, 0, 0),
(1619, 0, 0, 0, 0, 0, 'Darashia Flat #1619', 7, 23, 175000, 0, 1, 2, 35, 0, 0),
(1620, 0, 0, 0, 0, 0, 'Darashia Flat #1620', 7, 22, 175000, 0, 1, 2, 35, 0, 0),
(1621, 0, 0, 0, 0, 0, 'Darashia Flat #1621', 7, 22, 190000, 0, 1, 2, 38, 0, 0),
(1622, 0, 0, 0, 0, 0, 'Darashia Flat #1622', 7, 23, 175000, 0, 1, 2, 35, 0, 0),
(1623, 0, 0, 0, 0, 0, 'Darashia Flat #1623', 7, 36, 315000, 0, 2, 6, 63, 0, 0),
(1624, 0, 0, 0, 0, 0, 'Darashia Flat #1624', 7, 24, 195000, 0, 1, 0, 39, 0, 0),
(1625, 0, 0, 0, 0, 0, 'Darashia Flat #1625', 7, 40, 300000, 0, 2, 2, 60, 0, 0),
(1626, 0, 0, 0, 0, 0, 'Darashia Flat #1626', 7, 23, 175000, 0, 1, 2, 35, 0, 0),
(1627, 0, 0, 0, 0, 0, 'Darashia Flat #1627', 7, 23, 190000, 0, 1, 2, 38, 0, 0),
(1628, 0, 0, 0, 0, 0, 'Darashia Flat #1628', 7, 34, 290000, 0, 2, 4, 58, 0, 0),
(1629, 0, 0, 0, 0, 0, 'Darashia Flat #1629', 7, 22, 175000, 0, 1, 2, 35, 0, 0),
(1630, 0, 0, 0, 0, 0, 'Darashia Flat #1630', 7, 33, 275000, 0, 2, 4, 55, 0, 0),
(1631, 0, 0, 0, 0, 0, 'Darashia Flat #1631', 7, 69, 545000, 0, 2, 4, 109, 0, 0),
(1632, 0, 0, 0, 0, 0, 'Darashia Flat #1632', 7, 61, 510000, 0, 3, 4, 102, 0, 0),
(1633, 0, 0, 0, 0, 0, 'Darashia Flat #1633', 7, 207, 1985000, 0, 15, 32, 397, 0, 0),
(1634, 0, 0, 0, 0, 0, 'Darashia Flat #1634', 7, 177, 1655000, 0, 16, 20, 331, 0, 0),
(1635, 0, 0, 0, 0, 0, 'Darashia Flat #1635', 7, 20, 175000, 0, 1, 4, 35, 0, 0),
(1636, 0, 0, 0, 0, 0, 'Darashia Flat #1636', 7, 22, 190000, 0, 1, 2, 38, 0, 0),
(1637, 0, 0, 0, 0, 0, 'Darashia Flat #1637', 7, 33, 305000, 0, 2, 4, 61, 0, 0),
(1638, 0, 0, 0, 0, 0, 'Darashia Flat #1638', 7, 20, 190000, 0, 1, 4, 38, 0, 0),
(1639, 0, 0, 0, 0, 0, 'Darashia Flat #1639', 7, 34, 290000, 0, 2, 4, 58, 0, 0),
(1640, 0, 0, 0, 0, 0, 'Darashia Flat #1640', 7, 22, 190000, 0, 1, 2, 38, 0, 0),
(1641, 0, 0, 0, 0, 0, 'Darashia Flat #1641', 7, 22, 175000, 0, 1, 2, 35, 0, 0),
(1642, 0, 0, 0, 0, 0, 'Darashia Flat #1642', 7, 23, 175000, 0, 1, 2, 35, 0, 0),
(1643, 0, 0, 0, 0, 0, 'Darashia Flat #1643', 7, 10, 115000, 0, 1, 2, 23, 0, 0),
(1644, 0, 0, 0, 0, 0, 'Darashia Flat #1644', 7, 25, 215000, 0, 1, 4, 43, 0, 0),
(1645, 0, 0, 0, 0, 0, 'Darashia Flat #1645', 7, 10, 100000, 0, 1, 2, 20, 0, 0),
(1646, 0, 0, 0, 0, 0, 'Darashia Flat #1646', 7, 26, 200000, 0, 1, 2, 40, 0, 0),
(1647, 0, 0, 0, 0, 0, 'Darashia Flat #1647', 7, 21, 190000, 0, 1, 4, 38, 0, 0),
(1648, 0, 0, 0, 0, 0, 'Darashia Flat #1648', 7, 21, 175000, 0, 1, 4, 35, 0, 0),
(1649, 0, 0, 0, 0, 0, 'Darashia Flat #1649', 7, 22, 190000, 0, 1, 2, 38, 0, 0),
(1650, 0, 0, 0, 0, 0, 'Darashia Flat #1650', 7, 56, 425000, 0, 2, 4, 85, 0, 0),
(1651, 0, 0, 0, 0, 0, 'Darashia Flat #1651', 7, 22, 175000, 0, 1, 2, 35, 0, 0),
(1652, 0, 0, 0, 0, 0, 'Darashia Flat #1652', 7, 40, 310000, 0, 2, 2, 62, 0, 0),
(1653, 0, 0, 0, 0, 0, 'Darashia Flat #1653', 7, 54, 440000, 0, 3, 4, 88, 0, 0),
(1654, 0, 0, 0, 0, 0, 'Darashia Flat #1654', 7, 37, 300000, 0, 2, 4, 60, 0, 0),
(1655, 0, 0, 0, 0, 0, 'Darashia Flat #1655', 7, 22, 180000, 0, 1, 2, 36, 0, 0),
(1656, 0, 0, 0, 0, 0, 'Darashia Flat #1656', 7, 26, 200000, 0, 1, 2, 40, 0, 0),
(1657, 0, 0, 0, 0, 0, 'Darashia Flat #1657', 7, 10, 100000, 0, 1, 2, 20, 0, 0),
(1658, 0, 0, 0, 0, 0, 'Darashia Flat #1658', 7, 25, 200000, 0, 1, 4, 40, 0, 0),
(1659, 0, 0, 0, 0, 0, 'Darashia Flat #1659', 7, 14, 140000, 0, 1, 2, 28, 0, 0),
(1660, 0, 0, 0, 0, 0, 'Darashia Flat #1660', 7, 22, 180000, 0, 1, 2, 36, 0, 0),
(1661, 0, 0, 0, 0, 0, 'Darashia Flat #1661', 7, 14, 140000, 0, 1, 2, 28, 0, 0),
(1662, 0, 0, 0, 0, 0, 'Darashia Flat #1662', 7, 22, 185000, 0, 1, 2, 37, 0, 0),
(1663, 0, 0, 0, 0, 0, 'Darashia Flat #1663', 7, 10, 100000, 0, 1, 2, 20, 0, 0),
(1664, 0, 0, 0, 0, 0, 'Darashia Flat #1664', 7, 44, 400000, 0, 3, 8, 80, 0, 0),
(1665, 0, 0, 0, 0, 0, 'Darashia Flat #1665', 7, 23, 175000, 0, 1, 2, 35, 0, 0),
(1666, 0, 0, 0, 0, 0, 'Darashia Flat #1666', 7, 47, 410000, 0, 3, 6, 82, 0, 0),
(1667, 0, 0, 0, 0, 0, 'Darashia Flat #1667', 7, 21, 190000, 0, 1, 4, 38, 0, 0),
(1668, 0, 0, 0, 0, 0, 'Darashia Flat #1668', 7, 36, 300000, 0, 2, 4, 60, 0, 0),
(1669, 0, 0, 0, 0, 0, 'Darashia Flat #1669', 7, 32, 275000, 0, 2, 4, 55, 0, 0),
(1670, 0, 0, 0, 0, 0, 'Darashia Flat #1670', 7, 37, 310000, 0, 2, 4, 62, 0, 0),
(1671, 0, 0, 0, 0, 0, 'Darashia Flat #1671', 7, 34, 295000, 0, 2, 4, 59, 0, 0),
(1673, 0, 0, 0, 0, 0, 'Darashia Flat #1673', 7, 52, 455000, 0, 3, 4, 91, 0, 0),
(1674, 0, 0, 0, 0, 0, 'Darashia Flat #1674', 7, 22, 190000, 0, 1, 2, 38, 0, 0),
(1675, 0, 0, 0, 0, 0, 'Darashia Flat #1675', 7, 37, 310000, 0, 2, 4, 62, 0, 0),
(1676, 0, 0, 0, 0, 0, 'Darashia Flat #1676', 7, 38, 330000, 0, 2, 4, 66, 0, 0),
(1677, 0, 0, 0, 0, 0, 'Darashia Flat #1677', 7, 50, 425000, 0, 3, 8, 85, 0, 0),
(1678, 0, 0, 0, 0, 0, 'Darashia Flat #1678', 7, 23, 190000, 0, 1, 2, 38, 0, 0),
(1679, 0, 0, 0, 0, 0, 'Darashia Flat #1679', 7, 48, 460000, 0, 3, 10, 92, 0, 0),
(1680, 0, 0, 0, 0, 0, 'Darashia Flat #1680', 7, 22, 150000, 0, 1, 2, 30, 0, 0),
(1681, 0, 0, 0, 0, 0, 'Darashia Flat #1681', 7, 37, 315000, 0, 2, 4, 63, 0, 0),
(1683, 0, 0, 0, 0, 0, 'Darashia Flat #1683', 7, 32, 275000, 0, 2, 4, 55, 0, 0),
(1684, 0, 0, 0, 0, 0, 'Darashia Flat #1684', 7, 34, 290000, 0, 2, 4, 58, 0, 0),
(1685, 0, 0, 0, 0, 0, 'Darashia Flat #1685', 7, 38, 300000, 0, 2, 4, 60, 0, 0),
(1686, 0, 0, 0, 0, 0, 'Ankrahmun Flat #1686', 8, 17, 150000, 0, 1, 2, 30, 0, 0),
(1687, 0, 0, 0, 0, 0, 'Ankrahmun Flat #1687', 8, 13, 145000, 0, 1, 2, 29, 0, 0),
(1688, 0, 0, 0, 0, 0, 'Ankrahmun Flat #1688', 8, 18, 165000, 0, 1, 2, 33, 0, 0),
(1689, 0, 0, 0, 0, 0, 'Ankrahmun Flat #1689', 8, 20, 180000, 0, 1, 4, 36, 0, 0),
(1690, 0, 0, 0, 0, 0, 'Ankrahmun Flat #1690', 8, 31, 280000, 0, 3, 6, 56, 0, 0),
(1691, 0, 0, 0, 0, 0, 'Ankrahmun Flat #1691', 8, 14, 125000, 0, 1, 2, 25, 0, 0),
(1692, 0, 0, 0, 0, 0, 'Ankrahmun Flat #1692', 8, 21, 175000, 0, 1, 4, 35, 0, 0),
(1693, 0, 0, 0, 0, 0, 'Ankrahmun Flat #1693', 8, 31, 245000, 0, 1, 4, 49, 0, 0),
(1694, 0, 0, 0, 0, 0, 'Ankrahmun Flat #1694', 8, 99, 880000, 0, 6, 20, 176, 0, 0),
(1695, 0, 0, 0, 0, 0, 'Ankrahmun Flat #1695', 8, 8, 90000, 0, 1, 2, 18, 0, 0),
(1696, 0, 0, 0, 0, 0, 'Ankrahmun Flat #1696', 8, 8, 100000, 0, 1, 2, 20, 0, 0),
(1697, 0, 0, 0, 0, 0, 'Ankrahmun Flat #1697', 8, 8, 105000, 0, 1, 2, 21, 0, 0),
(1698, 0, 0, 0, 0, 0, 'Ankrahmun Flat #1698', 8, 8, 90000, 0, 1, 2, 18, 0, 0),
(1699, 0, 0, 0, 0, 0, 'Ankrahmun Flat #1699', 8, 13, 125000, 0, 1, 2, 25, 0, 0),
(1700, 0, 0, 0, 0, 0, 'Ankrahmun Flat #1700', 8, 25, 210000, 0, 1, 4, 42, 0, 0),
(1701, 0, 0, 0, 0, 0, 'Ankrahmun Flat #1701', 8, 21, 215000, 0, 2, 4, 43, 0, 0),
(1702, 0, 0, 0, 0, 0, 'Ankrahmun Flat #1702', 8, 41, 390000, 0, 3, 6, 78, 0, 0),
(1703, 0, 0, 0, 0, 0, 'Ankrahmun Flat #1703', 8, 6, 60000, 0, 1, 2, 12, 0, 0),
(1704, 0, 0, 0, 0, 0, 'Ankrahmun Flat #1704', 8, 6, 90000, 0, 1, 2, 18, 0, 0),
(1705, 0, 0, 0, 0, 0, 'Ankrahmun Flat #1705', 8, 4, 75000, 0, 1, 2, 15, 0, 0),
(1706, 0, 0, 0, 0, 0, 'Ankrahmun Flat #1706', 8, 5, 75000, 0, 1, 2, 15, 0, 0),
(1708, 0, 0, 0, 0, 0, 'Ankrahmun Flat #1708', 8, 34, 310000, 0, 3, 8, 62, 0, 0),
(1710, 0, 0, 0, 0, 0, 'Ankrahmun Flat #1710', 8, 32, 270000, 0, 2, 6, 54, 0, 0),
(1711, 0, 0, 0, 0, 0, 'Ankrahmun Flat #1711', 8, 43, 390000, 0, 4, 8, 78, 0, 0),
(1712, 0, 0, 0, 0, 0, 'Ankrahmun Flat #1712', 8, 51, 430000, 0, 4, 6, 86, 0, 0),
(1713, 0, 0, 0, 0, 0, 'Ankrahmun Flat #1713', 8, 27, 200000, 0, 1, 4, 40, 0, 0),
(1714, 0, 0, 0, 0, 0, 'Ankrahmun Flat #1714', 8, 27, 210000, 0, 1, 4, 42, 0, 0),
(1715, 0, 0, 0, 0, 0, 'Ankrahmun Flat #1715', 8, 19, 150000, 0, 1, 2, 30, 0, 0),
(1716, 0, 0, 0, 0, 0, 'Ankrahmun Flat #1716', 8, 18, 165000, 0, 1, 2, 33, 0, 0),
(1717, 0, 0, 0, 0, 0, 'Ankrahmun Flat #1717', 8, 22, 180000, 0, 1, 4, 36, 0, 0),
(1718, 0, 0, 0, 0, 0, 'Ankrahmun Flat #1718', 8, 17, 165000, 0, 1, 4, 33, 0, 0),
(1719, 0, 0, 0, 0, 0, 'Ankrahmun Flat #1719', 8, 17, 135000, 0, 1, 2, 27, 0, 0),
(1720, 0, 0, 0, 0, 0, 'Ankrahmun Flat #1720', 8, 0, 15000, 0, 0, 0, 3, 0, 0),
(1721, 0, 0, 0, 0, 0, 'Ankrahmun Flat #1721', 8, 13, 120000, 0, 1, 2, 24, 0, 0),
(1722, 0, 0, 0, 0, 0, 'Ankrahmun Flat #1722', 8, 24, 195000, 0, 1, 0, 39, 0, 0),
(1723, 0, 0, 0, 0, 0, 'Ankrahmun Flat #1723', 8, 21, 195000, 0, 1, 6, 39, 0, 0),
(1724, 0, 0, 0, 0, 0, 'Ankrahmun Flat #1724', 8, 30, 260000, 0, 1, 6, 52, 0, 0),
(1725, 0, 0, 0, 0, 0, 'Ankrahmun Flat #1725', 8, 32, 245000, 0, 1, 4, 49, 0, 0),
(1726, 0, 0, 0, 0, 0, 'Ankrahmun Flat #1726', 8, 33, 245000, 0, 1, 2, 49, 0, 0),
(1727, 0, 0, 0, 0, 0, 'Ankrahmun Flat #1727', 8, 33, 245000, 0, 1, 4, 49, 0, 0),
(1728, 0, 0, 0, 0, 0, 'Ankrahmun Flat #1728', 8, 22, 180000, 0, 1, 2, 36, 0, 0),
(1729, 0, 0, 0, 0, 0, 'Ankrahmun Flat #1729', 8, 21, 180000, 0, 1, 4, 36, 0, 0),
(1730, 0, 0, 0, 0, 0, 'Ankrahmun Flat #1730', 8, 14, 140000, 0, 1, 2, 28, 0, 0),
(1731, 0, 0, 0, 0, 0, 'Ankrahmun Flat #1731', 8, 31, 250000, 0, 1, 4, 50, 0, 0),
(1732, 0, 0, 0, 0, 0, 'Ankrahmun Flat #1732', 8, 15, 125000, 0, 1, 2, 25, 0, 0),
(1733, 0, 0, 0, 0, 0, 'Ankrahmun Flat #1733', 8, 22, 195000, 0, 1, 4, 39, 0, 0),
(1734, 0, 0, 0, 0, 0, 'Ankrahmun Flat #1734', 8, 14, 125000, 0, 1, 2, 25, 0, 0),
(1735, 0, 0, 0, 0, 0, 'Ankrahmun Flat #1735', 8, 14, 125000, 0, 1, 2, 25, 0, 0),
(1736, 0, 0, 0, 0, 0, 'Ankrahmun Flat #1736', 8, 13, 115000, 0, 1, 4, 23, 0, 0),
(1737, 0, 0, 0, 0, 0, 'Ankrahmun Flat #1737', 8, 12, 150000, 0, 1, 4, 30, 0, 0),
(1738, 0, 0, 0, 0, 0, 'Ankrahmun Flat #1738', 8, 17, 165000, 0, 1, 2, 33, 0, 0),
(1739, 0, 0, 0, 0, 0, 'Ankrahmun Flat #1739', 8, 17, 150000, 0, 1, 4, 30, 0, 0),
(1740, 0, 0, 0, 0, 0, 'Ankrahmun Flat #1740', 8, 31, 230000, 0, 2, 0, 46, 0, 0),
(1741, 0, 0, 0, 0, 0, 'Ankrahmun Flat #1741', 8, 13, 155000, 0, 1, 6, 31, 0, 0),
(1742, 0, 0, 0, 0, 0, 'Ankrahmun Flat #1742', 8, 14, 125000, 0, 1, 2, 25, 0, 0),
(1743, 0, 0, 0, 0, 0, 'Ankrahmun Flat #1743', 8, 28, 240000, 0, 2, 4, 48, 0, 0),
(1744, 0, 0, 0, 0, 0, 'Ankrahmun Flat #1744', 8, 15, 125000, 0, 1, 2, 25, 0, 0),
(1745, 0, 0, 0, 0, 0, 'Ankrahmun Flat #1745', 8, 76, 645000, 0, 3, 16, 129, 0, 0),
(1746, 0, 0, 0, 0, 0, 'Ankrahmun Flat #1746', 8, 25, 245000, 0, 2, 4, 49, 0, 0),
(1747, 0, 0, 0, 0, 0, 'Ankrahmun Flat #1747', 8, 15, 140000, 0, 1, 2, 28, 0, 0),
(1748, 0, 0, 0, 0, 0, 'Ankrahmun Flat #1748', 8, 23, 260000, 0, 3, 4, 52, 0, 0),
(1749, 0, 0, 0, 0, 0, 'Ankrahmun Flat #1749', 8, 7, 95000, 0, 1, 2, 19, 0, 0),
(1750, 0, 0, 0, 0, 0, 'Ankrahmun Flat #1750', 8, 7, 80000, 0, 1, 2, 16, 0, 0),
(1751, 0, 0, 0, 0, 0, 'Ankrahmun Flat #1751', 8, 16, 135000, 0, 2, 2, 27, 0, 0),
(1752, 0, 0, 0, 0, 0, 'Ankrahmun Flat #1752', 8, 25, 210000, 0, 1, 4, 42, 0, 0),
(1753, 0, 0, 0, 0, 0, 'Ankrahmun Flat #1753', 8, 21, 180000, 0, 1, 4, 36, 0, 0),
(1754, 0, 0, 0, 0, 0, 'Ankrahmun Flat #1754', 8, 32, 265000, 0, 1, 4, 53, 0, 0),
(1756, 0, 0, 0, 0, 0, 'Ankrahmun Flat #1756', 8, 25, 225000, 0, 1, 4, 45, 0, 0),
(1757, 0, 0, 0, 0, 0, 'Ankrahmun Flat #1757', 8, 26, 210000, 0, 1, 4, 42, 0, 0),
(1758, 0, 0, 0, 0, 0, 'Ankrahmun Flat #1758', 8, 27, 260000, 0, 2, 4, 52, 0, 0),
(1759, 0, 0, 0, 0, 0, 'Ankrahmun Flat #1759', 8, 50, 390000, 0, 2, 6, 78, 0, 0),
(1760, 0, 0, 0, 0, 0, 'Ankrahmun Flat #1760', 8, 83, 910000, 0, 5, 32, 182, 0, 0),
(1761, 0, 0, 0, 0, 0, 'Ankrahmun Flat #1761', 8, 27, 260000, 0, 2, 4, 52, 0, 0),
(1762, 0, 0, 0, 0, 0, 'Ankrahmun Flat #1762', 8, 24, 260000, 0, 3, 4, 52, 0, 0),
(1763, 0, 0, 0, 0, 0, 'Ankrahmun Flat #1763', 8, 33, 260000, 0, 1, 2, 52, 0, 0);
INSERT INTO `houses` (`id`, `world_id`, `owner`, `paid`, `warnings`, `lastwarning`, `name`, `town`, `size`, `price`, `rent`, `doors`, `beds`, `tiles`, `guild`, `clear`) VALUES
(1764, 0, 0, 0, 0, 0, 'Ankrahmun Flat #1764', 8, 25, 240000, 0, 2, 6, 48, 0, 0),
(1765, 0, 0, 0, 0, 0, 'Ankrahmun Flat #1765', 8, 25, 225000, 0, 1, 4, 45, 0, 0),
(1766, 0, 0, 0, 0, 0, 'Ankrahmun Flat #1766', 8, 36, 295000, 0, 1, 6, 59, 0, 0),
(1767, 0, 0, 0, 0, 0, 'Ankrahmun Flat #1767', 8, 63, 485000, 0, 3, 6, 97, 0, 0),
(1768, 0, 0, 0, 0, 0, 'Ankrahmun Flat #1768', 8, 13, 130000, 0, 1, 4, 26, 0, 0),
(1769, 0, 0, 0, 0, 0, 'Ankrahmun Flat #1769', 8, 13, 140000, 0, 1, 2, 28, 0, 0),
(1770, 0, 0, 0, 0, 0, 'Ankrahmun Flat #1770', 8, 13, 125000, 0, 1, 2, 25, 0, 0),
(1771, 0, 0, 0, 0, 0, 'Ankrahmun Flat #1771', 8, 14, 125000, 0, 1, 2, 25, 0, 0),
(1772, 0, 0, 0, 0, 0, 'Ankrahmun Flat #1772', 8, 13, 125000, 0, 1, 2, 25, 0, 0),
(1773, 0, 0, 0, 0, 0, 'Ankrahmun Flat #1773', 8, 13, 125000, 0, 1, 2, 25, 0, 0),
(1774, 0, 0, 0, 0, 0, 'Ankrahmun Flat #1774', 8, 13, 140000, 0, 1, 2, 28, 0, 0),
(1775, 0, 0, 0, 0, 0, 'Ankrahmun Flat #1775', 8, 13, 125000, 0, 1, 2, 25, 0, 0),
(1776, 0, 0, 0, 0, 0, 'Ankrahmun Flat #1776', 8, 47, 435000, 0, 3, 6, 87, 0, 0),
(1777, 0, 0, 0, 0, 0, 'Ankrahmun Flat #1777', 8, 170, 1330000, 0, 5, 32, 266, 0, 0),
(1778, 0, 0, 0, 0, 0, 'Ankrahmun Flat #1778', 8, 7, 95000, 0, 1, 2, 19, 0, 0),
(1779, 0, 0, 0, 0, 0, 'Ankrahmun Flat #1779', 8, 4, 75000, 0, 1, 2, 15, 0, 0),
(1780, 0, 0, 0, 0, 0, 'Ankrahmun Flat #1780', 8, 4, 60000, 0, 1, 2, 12, 0, 0),
(1781, 0, 0, 0, 0, 0, 'Ankrahmun Flat #1781', 8, 22, 180000, 0, 1, 2, 36, 0, 0),
(1782, 0, 0, 0, 0, 0, 'Ankrahmun Flat #1782', 8, 21, 195000, 0, 1, 4, 39, 0, 0),
(1783, 0, 0, 0, 0, 0, 'Ankrahmun Flat #1783', 8, 22, 195000, 0, 1, 2, 39, 0, 0),
(1784, 0, 0, 0, 0, 0, 'Ankrahmun Flat #1784', 8, 29, 265000, 0, 2, 4, 53, 0, 0),
(1786, 0, 0, 0, 0, 0, 'Ankrahmun Flat #1786', 8, 28, 270000, 0, 2, 4, 54, 0, 0),
(1787, 0, 0, 0, 0, 0, 'Ankrahmun Flat #1787', 8, 25, 240000, 0, 3, 4, 48, 0, 0),
(1788, 0, 0, 0, 0, 0, 'Ankrahmun Flat #1788', 8, 35, 280000, 0, 3, 6, 56, 0, 0),
(1789, 0, 0, 0, 0, 0, 'Ankrahmun Flat #1789', 8, 27, 275000, 0, 2, 4, 55, 0, 0),
(1790, 0, 0, 0, 0, 0, 'Ankrahmun Flat #1790', 8, 5, 60000, 0, 1, 2, 12, 0, 0),
(1791, 0, 0, 0, 0, 0, 'Ankrahmun Flat #1791', 8, 18, 165000, 0, 1, 2, 33, 0, 0),
(1792, 0, 0, 0, 0, 0, 'Ankrahmun Flat #1792', 8, 21, 140000, 0, 1, 4, 28, 0, 0),
(1793, 0, 0, 0, 0, 0, 'Ankrahmun Flat #1793', 8, 18, 150000, 0, 1, 2, 30, 0, 0),
(1794, 0, 0, 0, 0, 0, 'Ankrahmun Flat #1794', 8, 15, 125000, 0, 1, 2, 25, 0, 0),
(1795, 0, 0, 0, 0, 0, 'Ankrahmun Flat #1795', 8, 14, 125000, 0, 1, 2, 25, 0, 0),
(1796, 0, 0, 0, 0, 0, 'Ankrahmun Flat #1796', 8, 18, 180000, 0, 2, 4, 36, 0, 0),
(1797, 0, 0, 0, 0, 0, 'Ankrahmun Flat #1797', 8, 24, 255000, 0, 2, 4, 51, 0, 0),
(1798, 0, 0, 0, 0, 0, 'Ankrahmun Flat #1798', 8, 49, 415000, 0, 3, 6, 83, 0, 0),
(1799, 0, 0, 0, 0, 0, 'Venore House #1799', 6, 69, 570000, 0, 3, 4, 114, 0, 0),
(1801, 0, 0, 0, 0, 0, 'Venore House #1801', 6, 93, 820000, 0, 5, 6, 164, 0, 0),
(1803, 0, 0, 0, 0, 0, 'Venore House #1803', 6, 96, 835000, 0, 7, 6, 167, 0, 0),
(1804, 0, 0, 0, 0, 0, 'Venore House #1804', 6, 119, 975000, 0, 5, 8, 195, 0, 0),
(1805, 0, 0, 0, 0, 0, 'Venore House #1805', 6, 87, 765000, 0, 7, 6, 153, 0, 0),
(1806, 0, 0, 0, 0, 0, 'Venore House #1806', 6, 52, 495000, 0, 4, 6, 99, 0, 0),
(1807, 0, 0, 0, 0, 0, 'Venore House #1807', 6, 59, 495000, 0, 2, 4, 99, 0, 0),
(1808, 0, 0, 0, 0, 0, 'Venore House #1808', 6, 98, 840000, 0, 5, 10, 168, 0, 0),
(1810, 0, 0, 0, 0, 0, 'Venore House #1810', 6, 63, 570000, 0, 4, 4, 114, 0, 0),
(1812, 0, 0, 0, 0, 0, 'Venore House #1812', 6, 41, 395000, 0, 2, 2, 79, 0, 0),
(1813, 0, 0, 0, 0, 0, 'Venore House #1813', 6, 40, 320000, 0, 1, 2, 64, 0, 0),
(1814, 0, 0, 0, 0, 0, 'Venore House #1814', 6, 54, 480000, 0, 2, 2, 96, 0, 0),
(1815, 0, 0, 0, 0, 0, 'Venore House #1815', 6, 171, 1670000, 0, 12, 20, 334, 0, 0),
(1816, 0, 0, 0, 0, 0, 'Venore House #1816', 6, 60, 540000, 0, 2, 8, 108, 0, 0),
(1817, 0, 0, 0, 0, 0, 'Venore House #1817', 6, 61, 540000, 0, 2, 8, 108, 0, 0),
(1821, 0, 0, 0, 0, 0, 'Venore House #1821', 6, 184, 1580000, 0, 12, 24, 316, 0, 0),
(1824, 0, 0, 0, 0, 0, 'Venore House #1824', 6, 218, 1950000, 0, 10, 26, 390, 0, 0),
(1826, 0, 0, 0, 0, 0, 'Venore House #1826', 6, 53, 365000, 0, 2, 4, 73, 0, 0),
(1827, 0, 0, 0, 0, 0, 'Venore House #1827', 6, 128, 1215000, 0, 8, 18, 243, 0, 0),
(1828, 0, 0, 0, 0, 0, 'Venore House #1828', 6, 81, 770000, 0, 6, 4, 154, 0, 0),
(1829, 0, 0, 0, 0, 0, 'Venore House #1829', 6, 8, 115000, 0, 1, 4, 23, 0, 0),
(1830, 0, 0, 0, 0, 0, 'Venore House #1830', 6, 4, 60000, 0, 1, 2, 12, 0, 0),
(1831, 0, 0, 0, 0, 0, 'Venore House #1831', 6, 8, 80000, 0, 1, 2, 16, 0, 0),
(1832, 0, 0, 0, 0, 0, 'Venore House #1832', 6, 10, 115000, 0, 1, 2, 23, 0, 0),
(1833, 0, 0, 0, 0, 0, 'Venore House #1833', 6, 11, 115000, 0, 1, 2, 23, 0, 0),
(1834, 0, 0, 0, 0, 0, 'Venore House #1834', 6, 7, 80000, 0, 1, 2, 16, 0, 0),
(1835, 0, 0, 0, 0, 0, 'Venore House #1835', 6, 8, 80000, 0, 1, 2, 16, 0, 0),
(1836, 0, 0, 0, 0, 0, 'Venore House #1836', 6, 4, 60000, 0, 1, 2, 12, 0, 0),
(1837, 0, 0, 0, 0, 0, 'Venore House #1837', 6, 113, 1025000, 0, 6, 8, 205, 0, 0),
(1839, 0, 0, 0, 0, 0, 'Venore House #1839', 6, 75, 635000, 0, 2, 4, 127, 0, 0),
(1840, 0, 0, 0, 0, 0, 'Venore House #1840', 6, 77, 615000, 0, 2, 4, 123, 0, 0),
(1841, 0, 0, 0, 0, 0, 'Venore House #1841', 6, 261, 2120000, 0, 15, 18, 424, 0, 0),
(1842, 0, 0, 0, 0, 0, 'Venore House #1842', 6, 4, 50000, 0, 1, 2, 10, 0, 0),
(1843, 0, 0, 0, 0, 0, 'Venore House #1843', 6, 7, 55000, 0, 1, 2, 11, 0, 0),
(1844, 0, 0, 0, 0, 0, 'Venore House #1844', 6, 7, 75000, 0, 1, 2, 15, 0, 0),
(1845, 0, 0, 0, 0, 0, 'Venore House #1845', 6, 8, 65000, 0, 1, 2, 13, 0, 0),
(1846, 0, 0, 0, 0, 0, 'Venore House #1846', 6, 5, 55000, 0, 1, 2, 11, 0, 0),
(1847, 0, 0, 0, 0, 0, 'Venore House #1847', 6, 9, 115000, 0, 1, 4, 23, 0, 0),
(1848, 0, 0, 0, 0, 0, 'Venore House #1848', 6, 11, 115000, 0, 1, 2, 23, 0, 0),
(1849, 0, 0, 0, 0, 0, 'Venore House #1849', 6, 11, 115000, 0, 1, 2, 23, 0, 0),
(1850, 0, 0, 0, 0, 0, 'Venore House #1850', 6, 30, 270000, 0, 2, 4, 54, 0, 0),
(1851, 0, 0, 0, 0, 0, 'Venore House #1851', 6, 17, 195000, 0, 2, 4, 39, 0, 0),
(1852, 0, 0, 0, 0, 0, 'Venore House #1852', 6, 14, 140000, 0, 2, 2, 28, 0, 0),
(1853, 0, 0, 0, 0, 0, 'Venore House #1853', 6, 17, 140000, 0, 1, 2, 28, 0, 0),
(1854, 0, 0, 0, 0, 0, 'Venore House #1854', 6, 7, 80000, 0, 1, 2, 16, 0, 0),
(1855, 0, 0, 0, 0, 0, 'Venore House #1855', 6, 4, 60000, 0, 1, 2, 12, 0, 0),
(1856, 0, 0, 0, 0, 0, 'Venore House #1856', 6, 8, 80000, 0, 1, 2, 16, 0, 0),
(1857, 0, 0, 0, 0, 0, 'Venore House #1857', 6, 8, 115000, 0, 1, 4, 23, 0, 0),
(1858, 0, 0, 0, 0, 0, 'Venore House #1858', 6, 8, 95000, 0, 1, 2, 19, 0, 0),
(1859, 0, 0, 0, 0, 0, 'Venore House #1859', 6, 6, 75000, 0, 1, 2, 15, 0, 0),
(1860, 0, 0, 0, 0, 0, 'Venore House #1860', 6, 7, 75000, 0, 1, 2, 15, 0, 0),
(1861, 0, 0, 0, 0, 0, 'Venore House #1861', 6, 44, 405000, 0, 3, 4, 81, 0, 0),
(1862, 0, 0, 0, 0, 0, 'Venore House #1862', 6, 64, 585000, 0, 4, 4, 117, 0, 0),
(1863, 0, 0, 0, 0, 0, 'Venore House #1863', 6, 51, 450000, 0, 2, 4, 90, 0, 0),
(1864, 0, 0, 0, 0, 0, 'Venore House #1864', 6, 51, 465000, 0, 1, 4, 93, 0, 0),
(1865, 0, 0, 0, 0, 0, 'Venore House #1865', 6, 51, 365000, 0, 2, 4, 73, 0, 0),
(1866, 0, 0, 0, 0, 0, 'Venore House #1866', 6, 51, 450000, 0, 2, 4, 90, 0, 0),
(1867, 0, 0, 0, 0, 0, 'Venore House #1867', 6, 52, 480000, 0, 1, 6, 96, 0, 0),
(1868, 0, 0, 0, 0, 0, 'Venore House #1868', 6, 101, 805000, 0, 6, 4, 161, 0, 0),
(1869, 0, 0, 0, 0, 0, 'Venore House #1869', 6, 50, 495000, 0, 4, 6, 99, 0, 0),
(1870, 0, 0, 0, 0, 0, 'Venore House #1870', 6, 66, 645000, 0, 5, 8, 129, 0, 0),
(1871, 0, 0, 0, 0, 0, 'Venore House #1871', 6, 134, 1030000, 0, 5, 6, 206, 0, 0),
(1872, 0, 0, 0, 0, 0, 'Venore House #1872', 6, 74, 605000, 0, 1, 4, 121, 0, 0),
(1873, 0, 0, 0, 0, 0, 'Svargrond House 50', 13, 73, 480000, 0, 3, 6, 96, 0, 0),
(1874, 0, 0, 0, 0, 0, 'Fibula 10', 5, 334, 2310000, 0, 7, 30, 462, 0, 0),
(1879, 0, 0, 0, 0, 0, 'Carlin 88', 2, 26, 215000, 0, 1, 4, 43, 0, 0),
(1880, 0, 0, 0, 0, 0, 'Carlin 89', 2, 23, 170000, 0, 1, 2, 34, 0, 0),
(1882, 0, 0, 0, 0, 0, 'Nautic Observer', 2, 144, 850000, 0, 4, 8, 170, 0, 0),
(1883, 0, 0, 0, 0, 0, 'Outlaw Camp 1', 4, 159, 1170000, 0, 11, 18, 234, 0, 0),
(1884, 0, 0, 0, 0, 0, 'Outlaw Camp 2', 4, 4, 50000, 0, 1, 2, 10, 0, 0),
(1885, 0, 0, 0, 0, 0, 'Outlaw Camp 3', 4, 3, 30000, 0, 1, 2, 6, 0, 0),
(1886, 0, 0, 0, 0, 0, 'Outlaw Camp 4', 4, 3, 30000, 0, 1, 2, 6, 0, 0),
(1887, 0, 0, 0, 0, 0, 'Outlaw Camp 5', 4, 2, 25000, 0, 0, 2, 5, 0, 0),
(1888, 0, 0, 0, 0, 0, 'Outlaw Camp 6', 4, 37, 220000, 0, 1, 4, 44, 0, 0),
(1889, 0, 0, 0, 0, 0, 'Outlaw Camp 7', 4, 11, 100000, 0, 1, 4, 20, 0, 0),
(1890, 0, 0, 0, 0, 0, 'Outlaw Camp 8', 4, 15, 85000, 0, 0, 0, 17, 0, 0),
(1891, 0, 0, 0, 0, 0, 'Outlaw Camp 9', 4, 7, 40000, 0, 0, 0, 8, 0, 0),
(1892, 0, 0, 0, 0, 0, 'Outlaw Camp 10', 4, 6, 40000, 0, 0, 0, 8, 0, 0),
(1893, 0, 0, 0, 0, 0, 'Outlaw Camp 11', 4, 6, 35000, 0, 0, 0, 7, 0, 0),
(1894, 0, 0, 0, 0, 0, 'Outlaw Camp 12', 4, 12, 110000, 0, 1, 4, 22, 0, 0),
(1895, 0, 0, 0, 0, 0, 'Outlaw Camp 13', 4, 4, 50000, 0, 1, 2, 10, 0, 0),
(1896, 0, 0, 0, 0, 0, 'Outlaw Camp 14', 4, 2, 35000, 0, 1, 2, 7, 0, 0),
(1897, 0, 0, 0, 0, 0, 'Outlaw Camp 15', 4, 2, 35000, 0, 1, 2, 7, 0, 0),
(1898, 0, 0, 0, 0, 0, 'Outlaw Camp 16', 4, 2, 35000, 0, 1, 2, 7, 0, 0),
(1899, 0, 0, 0, 0, 0, 'Port Hope Flat #1899', 10, 8, 85000, 0, 1, 4, 17, 0, 0),
(1900, 0, 0, 0, 0, 0, 'Ab\'dendriel Guild House 3', 3, 338, 2380000, 0, 14, 36, 476, 0, 0),
(1901, 0, 0, 0, 0, 0, 'The Tibianic', 5, 450, 2940000, 0, 8, 43, 588, 0, 0),
(1902, 0, 0, 0, 0, 0, 'Greenshore 10', 5, 23, 215000, 0, 5, 2, 43, 0, 0),
(1903, 0, 0, 0, 0, 0, 'Fibula 11', 5, 130, 1325000, 0, 12, 20, 265, 0, 0),
(1904, 0, 0, 0, 0, 0, 'Fibula 12', 5, 62, 510000, 0, 3, 4, 102, 0, 0),
(1905, 0, 0, 0, 0, 0, 'Liberty Bay Flat #1905', 12, 100, 795000, 0, 5, 4, 159, 0, 0),
(1906, 0, 0, 0, 0, 0, 'Ankrahmun Flat #1906', 8, 32, 230000, 0, 1, 4, 46, 0, 0),
(1907, 0, 0, 0, 0, 0, 'Ankrahmun Flat #1907', 8, 4, 45000, 0, 1, 2, 9, 0, 0),
(1908, 0, 0, 0, 0, 0, 'Ankrahmun Flat #1908', 8, 7, 70000, 0, 1, 2, 14, 0, 0),
(1909, 0, 0, 0, 0, 0, 'Ankrahmun Flat #1909', 8, 4, 45000, 0, 1, 2, 9, 0, 0),
(1910, 0, 0, 0, 0, 0, 'Ankrahmun Flat #1910', 8, 21, 165000, 0, 1, 4, 33, 0, 0),
(1911, 0, 0, 0, 0, 0, 'Ankrahmun Flat #1911', 8, 8, 70000, 0, 1, 2, 14, 0, 0),
(1912, 0, 0, 0, 0, 0, 'Ankrahmun Flat #1912', 8, 16, 125000, 0, 1, 2, 25, 0, 0),
(1913, 0, 0, 0, 0, 0, 'Ankrahmun Flat #1913', 8, 14, 115000, 0, 1, 2, 23, 0, 0),
(1914, 0, 0, 0, 0, 0, 'Ankrahmun Flat #1914', 8, 20, 165000, 0, 1, 4, 33, 0, 0),
(1915, 0, 0, 0, 0, 0, 'Ankrahmun Flat #1915', 8, 20, 160000, 0, 1, 4, 32, 0, 0),
(1916, 0, 0, 0, 0, 0, 'Ankrahmun Flat #1916', 8, 14, 115000, 0, 1, 2, 23, 0, 0),
(1917, 0, 0, 0, 0, 0, 'Ankrahmun Flat #1917', 8, 14, 115000, 0, 1, 2, 23, 0, 0),
(1919, 0, 0, 0, 0, 0, 'Ankrahmun Flat #1919', 8, 10, 90000, 0, 0, 2, 18, 0, 0),
(1920, 0, 0, 0, 0, 0, 'Ankrahmun Flat #1920', 8, 10, 95000, 0, 0, 2, 19, 0, 0),
(1921, 0, 0, 0, 0, 0, 'Ankrahmun Flat #1921', 8, 10, 70000, 0, 0, 2, 14, 0, 0),
(1922, 0, 0, 0, 0, 0, 'Ankrahmun Flat #1922', 8, 10, 65000, 0, 0, 2, 13, 0, 0),
(1923, 0, 0, 0, 0, 0, 'Thais 97', 5, 17, 135000, 0, 2, 0, 27, 0, 0),
(1924, 0, 0, 0, 0, 0, 'Kazordoon Guild House 4', 4, 190, 1520000, 0, 8, 30, 304, 0, 0),
(1925, 0, 0, 0, 0, 0, 'Carlin 1', 2, 13, 100000, 0, 2, 0, 20, 0, 0),
(1926, 0, 0, 0, 0, 0, 'Carlin 2', 2, 13, 90000, 0, 2, 0, 18, 0, 0),
(1927, 0, 0, 0, 0, 0, 'Carlin 3', 2, 48, 410000, 0, 1, 4, 82, 0, 0),
(1928, 0, 0, 0, 0, 0, 'Carlin 4', 2, 88, 625000, 0, 2, 4, 125, 0, 0),
(1929, 0, 0, 0, 0, 0, 'Carlin 5', 2, 35, 280000, 0, 1, 4, 56, 0, 0),
(1930, 0, 0, 0, 0, 0, 'Carlin 6', 2, 11, 85000, 0, 1, 4, 17, 0, 0),
(1931, 0, 0, 0, 0, 0, 'Carlin 7', 2, 3, 25000, 0, 1, 2, 5, 0, 0),
(1932, 0, 0, 0, 0, 0, 'Carlin 8', 2, 11, 85000, 0, 1, 4, 17, 0, 0),
(1933, 0, 0, 0, 0, 0, 'Carlin 9', 2, 11, 80000, 0, 1, 4, 16, 0, 0),
(1934, 0, 0, 0, 0, 0, 'Carlin 10', 2, 2, 25000, 0, 1, 2, 5, 0, 0),
(1935, 0, 0, 0, 0, 0, 'Carlin 11', 2, 11, 85000, 0, 1, 4, 17, 0, 0),
(1936, 0, 0, 0, 0, 0, 'Carlin 12', 2, 19, 145000, 0, 2, 0, 29, 0, 0),
(1937, 0, 20, 0, 0, 1557501618, 'Carlin 13', 2, 21, 135000, 0, 1, 4, 27, 0, 0),
(1938, 0, 0, 0, 0, 0, 'Carlin 14', 2, 19, 130000, 0, 1, 6, 26, 0, 0),
(1939, 0, 0, 0, 0, 0, 'Carlin 15', 2, 8, 60000, 0, 0, 0, 12, 0, 0),
(1940, 0, 0, 0, 0, 0, 'Carlin 16', 2, 8, 60000, 0, 0, 0, 12, 0, 0),
(1941, 0, 0, 0, 0, 0, 'Carlin 17', 2, 8, 60000, 0, 0, 0, 12, 0, 0),
(1942, 0, 0, 0, 0, 0, 'Carlin 18', 2, 4, 40000, 0, 1, 2, 8, 0, 0),
(1943, 0, 0, 0, 0, 0, 'Carlin 19', 2, 6, 50000, 0, 1, 2, 10, 0, 0),
(1944, 0, 0, 0, 0, 0, 'Carlin 20', 2, 6, 50000, 0, 1, 2, 10, 0, 0),
(1945, 0, 0, 0, 0, 0, 'Carlin 21', 2, 7, 45000, 0, 1, 2, 9, 0, 0),
(1946, 0, 0, 0, 0, 0, 'Carlin 22', 2, 8, 65000, 0, 1, 2, 13, 0, 0),
(1947, 0, 0, 0, 0, 0, 'Carlin 23', 2, 6, 45000, 0, 1, 2, 9, 0, 0),
(1948, 0, 0, 0, 0, 0, 'Carlin 24', 2, 6, 45000, 0, 1, 2, 9, 0, 0),
(1949, 0, 0, 0, 0, 0, 'Carlin 25', 2, 6, 45000, 0, 1, 2, 9, 0, 0),
(1950, 0, 0, 0, 0, 0, 'Carlin 26', 2, 8, 60000, 0, 1, 2, 12, 0, 0),
(1951, 0, 0, 0, 0, 0, 'Carlin 27', 2, 6, 45000, 0, 1, 2, 9, 0, 0),
(1952, 0, 0, 0, 0, 0, 'Carlin 28', 2, 6, 45000, 0, 1, 2, 9, 0, 0),
(1953, 0, 0, 0, 0, 0, 'Carlin 29', 2, 8, 65000, 0, 1, 2, 13, 0, 0),
(1954, 0, 0, 0, 0, 0, 'Carlin 30', 2, 16, 130000, 0, 2, 4, 26, 0, 0),
(1955, 0, 0, 0, 0, 0, 'Carlin 31', 2, 16, 140000, 0, 2, 4, 28, 0, 0),
(1956, 0, 0, 0, 0, 0, 'Carlin 32', 2, 20, 140000, 0, 1, 4, 28, 0, 0),
(1957, 0, 0, 0, 0, 0, 'Carlin 33', 2, 20, 145000, 0, 0, 4, 29, 0, 0),
(1958, 0, 0, 0, 0, 0, 'Carlin 35', 2, 20, 125000, 0, 0, 4, 25, 0, 0),
(1959, 0, 0, 0, 0, 0, 'Carlin 36', 2, 10, 70000, 0, 1, 2, 14, 0, 0),
(1960, 0, 0, 0, 0, 0, 'Carlin 37', 2, 10, 75000, 0, 1, 2, 15, 0, 0),
(1961, 0, 0, 0, 0, 0, 'Carlin 38', 2, 24, 155000, 0, 1, 4, 31, 0, 0),
(1962, 0, 0, 0, 0, 0, 'Carlin 39', 2, 36, 265000, 0, 2, 2, 53, 0, 0),
(1963, 0, 0, 0, 0, 0, 'Carlin 40', 2, 14, 105000, 0, 1, 4, 21, 0, 0),
(1964, 0, 0, 0, 0, 0, 'Carlin 41', 2, 17, 115000, 0, 1, 4, 23, 0, 0),
(1965, 0, 0, 0, 0, 0, 'Carlin 42', 2, 14, 105000, 0, 1, 4, 21, 0, 0),
(1966, 0, 0, 0, 0, 0, 'Carlin 43', 2, 7, 65000, 0, 1, 4, 13, 0, 0),
(1967, 0, 0, 0, 0, 0, 'Carlin 44', 2, 6, 45000, 0, 1, 2, 9, 0, 0),
(1968, 0, 0, 0, 0, 0, 'Carlin 45', 2, 8, 70000, 0, 1, 4, 14, 0, 0),
(1969, 0, 0, 0, 0, 0, 'Carlin 46', 2, 7, 55000, 0, 1, 2, 11, 0, 0),
(1970, 0, 0, 0, 0, 0, 'Carlin 47', 2, 15, 110000, 0, 1, 4, 22, 0, 0),
(1971, 0, 0, 0, 0, 0, 'Carlin 48', 2, 15, 105000, 0, 1, 4, 21, 0, 0),
(1972, 0, 0, 0, 0, 0, 'Carlin 49', 2, 7, 50000, 0, 1, 2, 10, 0, 0),
(1973, 0, 0, 0, 0, 0, 'Carlin 50', 2, 4, 40000, 0, 1, 2, 8, 0, 0),
(1974, 0, 0, 0, 0, 0, 'Carlin 51', 2, 7, 60000, 0, 1, 2, 12, 0, 0),
(1975, 0, 0, 0, 0, 0, 'Carlin 52', 2, 7, 60000, 0, 1, 2, 12, 0, 0),
(1976, 0, 0, 0, 0, 0, 'Carlin Clanhall', 2, 163, 1325000, 0, 6, 20, 265, 1, 0),
(1977, 0, 0, 0, 0, 0, 'Carlin 54', 2, 40, 270000, 0, 1, 8, 54, 0, 0),
(1978, 0, 0, 0, 0, 0, 'Carlin 55', 2, 21, 135000, 0, 1, 4, 27, 0, 0),
(1979, 0, 0, 0, 0, 0, 'Suntower', 2, 201, 1625000, 0, 13, 18, 325, 1, 0),
(1980, 0, 0, 0, 0, 0, 'Carlin 57', 2, 77, 465000, 0, 1, 6, 93, 0, 0),
(1981, 0, 0, 0, 0, 0, 'Carlin 58', 2, 10, 75000, 0, 1, 2, 15, 0, 0),
(1982, 0, 0, 0, 0, 0, 'Carlin 59', 2, 10, 75000, 0, 1, 2, 15, 0, 0),
(1983, 0, 0, 0, 0, 0, 'Carlin 60', 2, 6, 45000, 0, 1, 2, 9, 0, 0),
(1984, 0, 0, 0, 0, 0, 'Carlin 61', 2, 6, 50000, 0, 1, 2, 10, 0, 0),
(1985, 0, 0, 0, 0, 0, 'Carlin 62', 2, 7, 60000, 0, 1, 2, 12, 0, 0),
(1986, 0, 0, 0, 0, 0, 'Carlin 63', 2, 7, 60000, 0, 1, 2, 12, 0, 0),
(1987, 0, 0, 0, 0, 0, 'Carlin 64', 2, 7, 50000, 0, 1, 2, 10, 0, 0),
(1988, 0, 0, 0, 0, 0, 'Carlin 65', 2, 7, 50000, 0, 1, 2, 10, 0, 0),
(1989, 0, 0, 0, 0, 0, 'Carlin 66', 2, 7, 60000, 0, 1, 2, 12, 0, 0),
(1990, 0, 0, 0, 0, 0, 'Carlin 67', 2, 14, 105000, 0, 1, 4, 21, 0, 0),
(1991, 0, 0, 0, 0, 0, 'Carlin 68', 2, 17, 120000, 0, 1, 4, 24, 0, 0),
(1992, 0, 0, 0, 0, 0, 'Carlin 69', 2, 34, 205000, 0, 1, 4, 41, 0, 0),
(1993, 0, 0, 0, 0, 0, 'Carlin 70', 2, 41, 240000, 0, 1, 4, 48, 0, 0),
(1994, 0, 0, 0, 0, 0, 'Carlin 71', 2, 11, 90000, 0, 1, 4, 18, 0, 0),
(1995, 0, 0, 0, 0, 0, 'Carlin 72', 2, 13, 85000, 0, 1, 4, 17, 0, 0),
(1996, 0, 0, 0, 0, 0, 'Carlin 73', 2, 11, 80000, 0, 1, 4, 16, 0, 0),
(1997, 0, 0, 0, 0, 0, 'Carlin 74', 2, 16, 110000, 0, 1, 4, 22, 0, 0),
(1998, 0, 0, 0, 0, 0, 'Carlin 75', 2, 16, 110000, 0, 1, 4, 22, 0, 0),
(1999, 0, 0, 0, 0, 0, 'Lonely Sea Side Hostel', 2, 198, 1725000, 0, 4, 16, 345, 0, 0),
(2000, 0, 0, 0, 0, 0, 'Carlin 77', 2, 7, 60000, 0, 1, 2, 12, 0, 0),
(2001, 0, 0, 0, 0, 0, 'Carlin 78', 2, 7, 50000, 0, 1, 2, 10, 0, 0),
(2002, 0, 0, 0, 0, 0, 'Carlin 79', 2, 8, 65000, 0, 1, 2, 13, 0, 0),
(2003, 0, 0, 0, 0, 0, 'Carlin 80', 2, 7, 50000, 0, 1, 2, 10, 0, 0),
(2005, 0, 0, 0, 0, 0, 'Edron 34', 9, 7, 50000, 0, 1, 2, 10, 0, 0),
(2006, 0, 0, 0, 0, 0, 'Edron 80', 9, 13, 115000, 0, 1, 2, 23, 0, 0),
(2007, 0, 0, 0, 0, 0, 'Edron 81', 9, 13, 95000, 0, 1, 2, 19, 0, 0),
(2008, 0, 0, 0, 0, 0, 'Edron 82', 9, 16, 110000, 0, 1, 4, 22, 0, 0),
(2009, 0, 0, 0, 0, 0, 'Edron 83', 9, 21, 135000, 0, 1, 4, 27, 0, 0),
(2010, 0, 0, 0, 0, 0, 'Edron 84', 9, 14, 90000, 0, 1, 2, 18, 0, 0),
(2011, 0, 0, 0, 0, 0, 'Edron 86', 9, 160, 1285000, 0, 15, 20, 257, 0, 0),
(2012, 0, 0, 0, 0, 0, 'Edron 87', 9, 22, 145000, 0, 1, 4, 29, 0, 0),
(2013, 0, 0, 0, 0, 0, 'Edron 88', 9, 26, 205000, 0, 1, 4, 41, 0, 0),
(2014, 0, 0, 0, 0, 0, 'Edron 89', 9, 22, 150000, 0, 1, 2, 30, 0, 0),
(2053, 0, 0, 0, 0, 0, 'Edron 90', 9, 32, 225000, 0, 0, 4, 45, 0, 0),
(2054, 0, 0, 0, 0, 0, 'Edron 91', 9, 26, 165000, 0, 1, 4, 33, 0, 0),
(2055, 0, 0, 0, 0, 0, 'Edron 92', 9, 29, 230000, 0, 1, 4, 46, 0, 0),
(2056, 0, 0, 0, 0, 0, 'Edron 93', 9, 32, 210000, 0, 1, 4, 42, 0, 0),
(2057, 0, 0, 0, 0, 0, 'Edron 94', 9, 53, 345000, 0, 0, 6, 69, 0, 0),
(2058, 0, 0, 0, 0, 0, 'Gengia 1', 15, 36, 290000, 0, 2, 6, 58, 0, 0),
(2059, 0, 0, 0, 0, 0, 'Gengia 2', 15, 36, 325000, 0, 2, 6, 65, 0, 0),
(2060, 0, 0, 0, 0, 0, 'Gengia 3', 15, 36, 300000, 0, 2, 6, 60, 0, 0),
(2061, 0, 0, 0, 0, 0, 'Gengia 4', 15, 12, 85000, 0, 0, 0, 17, 0, 0),
(2062, 0, 0, 0, 0, 0, 'Gengia 5', 15, 65, 545000, 0, 6, 11, 109, 0, 0),
(2063, 0, 0, 0, 0, 0, 'Gengia 6', 15, 32, 240000, 0, 2, 0, 48, 0, 0),
(2064, 0, 0, 0, 0, 0, 'Gengia 7', 15, 61, 495000, 0, 3, 6, 99, 0, 0),
(2065, 0, 0, 0, 0, 0, 'Gengia 8', 15, 30, 180000, 0, 1, 2, 36, 0, 0),
(2066, 0, 0, 0, 0, 0, 'Gengia 9', 15, 8, 80000, 0, 1, 2, 16, 0, 0),
(2067, 0, 0, 0, 0, 0, 'Gengia 10', 15, 10, 95000, 0, 1, 2, 19, 0, 0),
(2071, 0, 0, 0, 0, 0, 'Gengia 14', 15, 8, 100000, 0, 1, 2, 20, 0, 0),
(2072, 0, 0, 0, 0, 0, 'Gengia 15', 15, 8, 75000, 0, 1, 2, 15, 0, 0),
(2073, 0, 0, 0, 0, 0, 'Gengia 16', 15, 10, 75000, 0, 1, 2, 15, 0, 0),
(2074, 0, 0, 0, 0, 0, 'Gengia 17', 15, 13, 105000, 0, 1, 2, 21, 0, 0),
(2075, 0, 0, 0, 0, 0, 'Gengia 18', 15, 10, 80000, 0, 1, 2, 16, 0, 0),
(2076, 0, 0, 0, 0, 0, 'Thais 98', 5, 17, 235000, 0, 1, 0, 47, 0, 0),
(2077, 0, 0, 0, 0, 0, 'Carlin Guildhouse 1', 2, 266, 2655000, 0, 13, 32, 531, 0, 0),
(2078, 0, 0, 0, 0, 0, 'Carlin Guildhouse 3', 2, 338, 3090000, 0, 14, 32, 618, 1, 0),
(2079, 0, 0, 0, 0, 0, 'Unnamed House #2079', 11, 39, 305000, 0, 1, 0, 61, 0, 0),
(2080, 0, 0, 0, 0, 0, 'Unnamed House #2080', 11, 92, 700000, 0, 3, 0, 140, 0, 0),
(2081, 0, 0, 0, 0, 0, 'Unnamed House #2081', 11, 33, 265000, 0, 1, 0, 53, 0, 0),
(2082, 0, 0, 0, 0, 0, 'Unnamed House #2082', 11, 25, 225000, 0, 2, 0, 45, 0, 0),
(2083, 0, 0, 0, 0, 0, 'Unnamed House #2083', 11, 21, 180000, 0, 2, 0, 36, 0, 0),
(2084, 0, 0, 0, 0, 0, 'Unnamed House #2084', 11, 44, 375000, 0, 2, 0, 75, 0, 0),
(2085, 0, 0, 0, 0, 0, 'Unnamed House #2085', 11, 73, 495000, 0, 3, 0, 99, 0, 0),
(2086, 0, 0, 0, 0, 0, 'Unnamed House #2086', 11, 60, 440000, 0, 3, 0, 88, 0, 0),
(2087, 0, 0, 0, 0, 0, 'Unnamed House #2087', 11, 53, 360000, 0, 2, 0, 72, 0, 0),
(2088, 0, 0, 0, 0, 0, 'Unnamed House #2088', 11, 56, 455000, 0, 3, 0, 91, 0, 0),
(2089, 0, 0, 0, 0, 0, 'Unnamed House #2089', 11, 51, 355000, 0, 1, 0, 71, 0, 0),
(2090, 0, 0, 0, 0, 0, 'Unnamed House #2090', 11, 81, 620000, 0, 5, 0, 124, 0, 0),
(2091, 0, 0, 0, 0, 0, 'Unnamed House #2091', 11, 48, 325000, 0, 2, 0, 65, 0, 0),
(2092, 0, 0, 0, 0, 0, 'Unnamed House #2092', 11, 22, 200000, 0, 2, 0, 40, 0, 0),
(2093, 0, 0, 0, 0, 0, 'Unnamed House #2093', 11, 72, 465000, 0, 3, 0, 93, 0, 0),
(2094, 0, 0, 0, 0, 0, 'Unnamed House #2094', 11, 42, 370000, 0, 3, 0, 74, 0, 0),
(2095, 0, 0, 0, 0, 0, 'Unnamed House #2095', 11, 23, 200000, 0, 2, 0, 40, 0, 0),
(2096, 0, 0, 0, 0, 0, 'Liberty Bay Flat #2096', 12, 68, 560000, 0, 3, 4, 112, 0, 0),
(2097, 0, 0, 0, 0, 0, 'Liberty Bay #2097', 12, 72, 570000, 0, 5, 4, 114, 0, 0),
(2098, 0, 0, 0, 0, 0, 'Liberty Bay Flat #2098', 12, 11, 100000, 0, 1, 2, 20, 0, 0),
(2099, 0, 0, 0, 0, 0, 'Unnamed House #2099', 5, 64, 795000, 0, 3, 48, 159, 0, 0);

-- --------------------------------------------------------

--
-- Table structure for table `house_auctions`
--

CREATE TABLE `house_auctions` (
  `house_id` int(10) UNSIGNED NOT NULL,
  `world_id` tinyint(2) UNSIGNED NOT NULL DEFAULT 0,
  `player_id` int(11) NOT NULL,
  `bid` int(10) UNSIGNED NOT NULL DEFAULT 0,
  `limit` int(10) UNSIGNED NOT NULL DEFAULT 0,
  `endtime` bigint(20) UNSIGNED NOT NULL DEFAULT 0
) ENGINE=InnoDB DEFAULT CHARSET=latin1;

-- --------------------------------------------------------

--
-- Table structure for table `house_data`
--

CREATE TABLE `house_data` (
  `house_id` int(10) UNSIGNED NOT NULL,
  `world_id` tinyint(2) UNSIGNED NOT NULL DEFAULT 0,
  `data` longblob NOT NULL
) ENGINE=InnoDB DEFAULT CHARSET=latin1;

-- --------------------------------------------------------

--
-- Table structure for table `house_lists`
--

CREATE TABLE `house_lists` (
  `house_id` int(10) UNSIGNED NOT NULL,
  `world_id` tinyint(2) UNSIGNED NOT NULL DEFAULT 0,
  `listid` int(11) NOT NULL,
  `list` text NOT NULL
) ENGINE=InnoDB DEFAULT CHARSET=latin1;

-- --------------------------------------------------------

--
-- Table structure for table `killers`
--

CREATE TABLE `killers` (
  `id` int(11) NOT NULL,
  `death_id` int(11) NOT NULL,
  `final_hit` tinyint(1) UNSIGNED NOT NULL DEFAULT 0,
  `unjustified` tinyint(1) UNSIGNED NOT NULL DEFAULT 0
) ENGINE=InnoDB DEFAULT CHARSET=latin1;

--
-- Dumping data for table `killers`
--

INSERT INTO `killers` (`id`, `death_id`, `final_hit`, `unjustified`) VALUES
(1, 1, 1, 0),
(2, 1, 0, 0),
(3, 1, 0, 0),
(4, 1, 0, 0);

-- --------------------------------------------------------

--
-- Table structure for table `messages`
--

CREATE TABLE `messages` (
  `id` int(11) NOT NULL,
  `from` int(11) DEFAULT NULL,
  `to` int(11) DEFAULT NULL,
  `title` varchar(120) DEFAULT NULL,
  `text` tinytext DEFAULT NULL,
  `time` int(11) DEFAULT NULL,
  `delete_from` tinyint(1) DEFAULT NULL,
  `delete_to` tinyint(1) DEFAULT NULL,
  `unread` tinyint(1) DEFAULT NULL
) ENGINE=InnoDB DEFAULT CHARSET=latin1;

-- --------------------------------------------------------

--
-- Table structure for table `migrations`
--

CREATE TABLE `migrations` (
  `id` int(10) UNSIGNED NOT NULL,
  `migration` varchar(255) COLLATE utf8mb4_unicode_ci NOT NULL,
  `batch` int(11) NOT NULL
) ENGINE=InnoDB DEFAULT CHARSET=utf8mb4 COLLATE=utf8mb4_unicode_ci;

--
-- Dumping data for table `migrations`
--

INSERT INTO `migrations` (`id`, `migration`, `batch`) VALUES
(1, '2014_10_12_000000_create_users_table', 1),
(2, '2014_10_12_100000_create_password_resets_table', 1);

-- --------------------------------------------------------

--
-- Table structure for table `news`
--

CREATE TABLE `news` (
  `id` int(11) NOT NULL,
  `title` varchar(64) NOT NULL DEFAULT '',
  `body` text NOT NULL,
  `time` int(18) NOT NULL DEFAULT 0
) ENGINE=InnoDB DEFAULT CHARSET=latin1;

--
-- Dumping data for table `news`
--

INSERT INTO `news` (`id`, `title`, `body`, `time`) VALUES
(1, 'Leandro Marico', 'Espero que se vea la template por que da lala estar en esta vaina! a cada rato', 15);

-- --------------------------------------------------------

--
-- Table structure for table `password_resets`
--

CREATE TABLE `password_resets` (
  `email` varchar(255) COLLATE utf8mb4_unicode_ci NOT NULL,
  `token` varchar(255) COLLATE utf8mb4_unicode_ci NOT NULL,
  `created_at` timestamp NULL DEFAULT NULL
) ENGINE=InnoDB DEFAULT CHARSET=utf8mb4 COLLATE=utf8mb4_unicode_ci;

-- --------------------------------------------------------

--
-- Table structure for table `players`
--

CREATE TABLE `players` (
  `id` int(11) NOT NULL,
  `name` varchar(255) NOT NULL,
  `world_id` tinyint(2) UNSIGNED NOT NULL DEFAULT 0,
  `group_id` int(11) NOT NULL DEFAULT 1,
  `account_id` int(11) NOT NULL DEFAULT 0,
  `level` int(11) NOT NULL DEFAULT 1,
  `vocation` int(11) NOT NULL DEFAULT 0,
  `health` int(11) NOT NULL DEFAULT 150,
  `healthmax` int(11) NOT NULL DEFAULT 150,
  `experience` bigint(20) NOT NULL DEFAULT 0,
  `lookbody` int(11) NOT NULL DEFAULT 0,
  `lookfeet` int(11) NOT NULL DEFAULT 0,
  `lookhead` int(11) NOT NULL DEFAULT 0,
  `looklegs` int(11) NOT NULL DEFAULT 0,
  `looktype` int(11) NOT NULL DEFAULT 136,
  `lookaddons` int(11) NOT NULL DEFAULT 0,
  `maglevel` int(11) NOT NULL DEFAULT 0,
  `mana` int(11) NOT NULL DEFAULT 0,
  `manamax` int(11) NOT NULL DEFAULT 0,
  `manaspent` int(11) NOT NULL DEFAULT 0,
  `soul` int(10) UNSIGNED NOT NULL DEFAULT 0,
  `town_id` int(11) NOT NULL DEFAULT 0,
  `posx` int(11) NOT NULL DEFAULT 0,
  `posy` int(11) NOT NULL DEFAULT 0,
  `posz` int(11) NOT NULL DEFAULT 0,
  `conditions` blob NOT NULL,
  `cap` int(11) NOT NULL DEFAULT 0,
  `sex` int(11) NOT NULL DEFAULT 0,
  `lastlogin` bigint(20) UNSIGNED NOT NULL DEFAULT 0,
  `lastip` int(10) UNSIGNED NOT NULL DEFAULT 0,
  `save` tinyint(1) NOT NULL DEFAULT 1,
  `skull` tinyint(1) UNSIGNED NOT NULL DEFAULT 0,
  `skulltime` int(11) NOT NULL DEFAULT 0,
  `rank_id` int(11) NOT NULL DEFAULT 0,
  `guildnick` varchar(255) NOT NULL DEFAULT '',
  `lastlogout` bigint(20) UNSIGNED NOT NULL DEFAULT 0,
  `blessings` tinyint(2) NOT NULL DEFAULT 0,
  `balance` bigint(20) NOT NULL DEFAULT 0,
  `stamina` bigint(20) NOT NULL DEFAULT 151200000 COMMENT 'stored in miliseconds',
  `direction` int(11) NOT NULL DEFAULT 2,
  `loss_experience` int(11) NOT NULL DEFAULT 100,
  `loss_mana` int(11) NOT NULL DEFAULT 100,
  `loss_skills` int(11) NOT NULL DEFAULT 100,
  `loss_containers` int(11) NOT NULL DEFAULT 100,
  `loss_items` int(11) NOT NULL DEFAULT 100,
  `premend` int(11) NOT NULL DEFAULT 0 COMMENT 'NOT IN USE BY THE SERVER',
  `online` tinyint(1) NOT NULL DEFAULT 0,
  `marriage` int(10) UNSIGNED NOT NULL DEFAULT 0,
  `marrystatus` int(10) UNSIGNED NOT NULL,
  `promotion` int(11) NOT NULL DEFAULT 0,
  `deleted` tinyint(1) NOT NULL DEFAULT 0,
  `description` varchar(255) NOT NULL DEFAULT '',
  `old_name` varchar(255) DEFAULT NULL,
  `hide_char` int(11) DEFAULT NULL,
  `worldtransfer` int(11) DEFAULT NULL,
  `created_at` date DEFAULT NULL,
  `nick_verify` int(11) DEFAULT NULL,
  `comment` text DEFAULT NULL,
  `updated_at` date NOT NULL
) ENGINE=InnoDB DEFAULT CHARSET=latin1;

--
-- Dumping data for table `players`
--

INSERT INTO `players` (`id`, `name`, `world_id`, `group_id`, `account_id`, `level`, `vocation`, `health`, `healthmax`, `experience`, `lookbody`, `lookfeet`, `lookhead`, `looklegs`, `looktype`, `lookaddons`, `maglevel`, `mana`, `manamax`, `manaspent`, `soul`, `town_id`, `posx`, `posy`, `posz`, `conditions`, `cap`, `sex`, `lastlogin`, `lastip`, `save`, `skull`, `skulltime`, `rank_id`, `guildnick`, `lastlogout`, `blessings`, `balance`, `stamina`, `direction`, `loss_experience`, `loss_mana`, `loss_skills`, `loss_containers`, `loss_items`, `premend`, `online`, `marriage`, `marrystatus`, `promotion`, `deleted`, `description`, `old_name`, `hide_char`, `worldtransfer`, `created_at`, `nick_verify`, `comment`, `updated_at`) VALUES
(1, 'Account Manager', 0, 1, 1, 1, 0, 150, 150, 0, 0, 0, 0, 0, 110, 0, 0, 0, 0, 0, 0, 0, 32360, 31782, 7, '', 400, 0, 1615632412, 16777343, 0, 0, 0, 0, '', 0, 0, 0, 201660000, 0, 100, 100, 100, 100, 100, 0, 0, 0, 0, 0, 0, '', NULL, 0, NULL, NULL, NULL, NULL, '0000-00-00'),
(15, 'Rook Sample', 0, 1, 1, 1, 0, 150, 150, 0, 0, 0, 0, 0, 110, 0, 0, 0, 0, 0, 0, 0, 50, 50, 7, '', 400, 0, 0, 0, 0, 0, 0, 0, '', 0, 0, 0, 201660000, 0, 100, 100, 100, 100, 100, 0, 0, 0, 0, 0, 0, '', '', 0, 0, '0000-00-00', 0, 'This player has no comment at this moment.', '0000-00-00'),
(16, 'Sorcerer Sample', 0, 1, 1, 8, 1, 185, 185, 4200, 0, 0, 0, 0, 110, 0, 0, 35, 0, 0, 0, 1, 50, 50, 7, '', 440, 0, 0, 0, 0, 0, 0, 0, '', 0, 0, 0, 201660000, 0, 100, 100, 100, 100, 100, 0, 0, 0, 0, 0, 0, '', '', 0, 0, '0000-00-00', 0, 'This player has no comment at this moment.', '0000-00-00'),
(17, 'Druid Sample', 0, 1, 1, 8, 2, 185, 185, 4200, 0, 0, 0, 0, 110, 0, 0, 35, 0, 0, 0, 1, 50, 50, 7, '', 440, 0, 0, 0, 0, 0, 0, 0, '', 0, 0, 0, 201660000, 0, 100, 100, 100, 100, 100, 0, 0, 0, 0, 0, 0, '', '', 0, 0, '0000-00-00', 0, 'This player has no comment at this moment.', '0000-00-00'),
(18, 'Paladin Sample', 0, 1, 1, 8, 3, 185, 185, 4200, 0, 0, 0, 0, 110, 0, 0, 35, 0, 0, 0, 1, 50, 50, 7, '', 440, 0, 0, 0, 0, 0, 0, 0, '', 0, 0, 0, 201660000, 0, 100, 100, 100, 100, 100, 0, 0, 0, 0, 0, 0, '', '', 0, 0, '0000-00-00', 0, 'This player has no comment at this moment.', '0000-00-00'),
(19, 'Knight Sample', 0, 1, 1, 8, 4, 185, 185, 4200, 0, 0, 0, 0, 110, 0, 0, 35, 0, 0, 0, 1, 50, 50, 7, '', 440, 0, 0, 0, 0, 0, 0, 0, '', 0, 0, 0, 201660000, 0, 100, 100, 100, 100, 100, 0, 0, 0, 0, 0, 0, '', '', 0, 0, '0000-00-00', 0, 'This player has no comment at this moment.', '0000-00-00'),
(20, 'Sumiko', 0, 1, 2, 178, 1, 1035, 1035, 90877700, 0, 0, 0, 0, 128, 0, 12, 5100, 5100, 1552, 3, 2, 32357, 31795, 6, '', 2140, 1, 1557500446, 620865728, 1, 0, 0, 0, '', 1557500412, 0, 0, 151200000, 0, 100, 100, 100, 100, 100, 0, 0, 0, 0, 0, 0, '', NULL, 0, NULL, '0000-00-00', NULL, NULL, '0000-00-00'),
(21, 'Sokis Mala', 0, 1, 3, 8, 4, 185, 185, 4200, 0, 0, 0, 0, 130, 0, 0, 35, 0, 0, 0, 1, 584, 676, 7, '', 440, 1, 1624513383, 16777343, 1, 0, 0, 0, '', 1624513424, 0, 0, 151200000, 0, 100, 100, 100, 100, 100, 0, 0, 0, 0, 0, 0, '', NULL, 0, NULL, '0000-00-00', NULL, NULL, '0000-00-00'),
(22, 'Nartsuki', 0, 1, 5, 8, 4, 185, 185, 4200, 0, 0, 0, 0, 110, 0, 0, 35, 0, 0, 0, 1, 585, 677, 7, '', 440, 1, 1624513361, 16777343, 1, 0, 0, 0, '', 1624513368, 0, 0, 151200000, 0, 100, 100, 100, 100, 100, 0, 0, 0, 0, 0, 0, '', NULL, 0, NULL, '0000-00-00', NULL, NULL, '0000-00-00'),
(23, 'Tsuki Pow', 0, 6, 6, 666, 2, 3475, 3475, 4879304500, 68, 76, 78, 39, 302, 0, 4, 19775, 19775, 708, 100, 2, 32360, 31783, 7, '', 7015, 1, 1624514026, 16777343, 1, 0, 0, 0, '', 1624514682, 0, 0, 151200000, 2, 100, 100, 100, 100, 100, 0, 0, 0, 0, 0, 0, '', NULL, 0, NULL, NULL, NULL, NULL, '0000-00-00'),
(29, 'Ashe', 0, 1, 2, 8, 1, 185, 185, 4200, 0, 0, 0, 0, 136, 0, 0, 35, 0, 0, 0, 1, 585, 676, 7, '', 440, 0, 1624513375, 16777343, 1, 0, 0, 0, '', 1624513377, 0, 0, 151200000, 0, 100, 100, 100, 100, 100, 0, 0, 0, 0, 0, 0, '', NULL, NULL, NULL, '0000-00-00', NULL, NULL, '0000-00-00'),
(30, 'Garen', 0, 1, 2, 8, 1, 185, 185, 4200, 0, 0, 0, 0, 110, 0, 0, 35, 0, 0, 0, 2, 32360, 31785, 7, '', 440, 1, 1557500336, 620865728, 1, 0, 0, 0, '', 1557500341, 0, 0, 151200000, 0, 100, 100, 100, 100, 100, 0, 0, 0, 0, 0, 0, '', NULL, NULL, NULL, '0000-00-00', NULL, NULL, '0000-00-00'),
(31, 'Zumark', 0, 1, 12, 8, 1, 185, 185, 4200, 0, 0, 0, 0, 128, 0, 2, 35, 35, 0, 100, 0, 32360, 31787, 7, '', 435, 1, 1624514691, 16777343, 1, 0, 0, 0, '', 1624514759, 0, 0, 151200000, 2, 100, 100, 100, 100, 100, 0, 0, 0, 0, 0, 0, '', NULL, NULL, NULL, '2021-06-24', NULL, NULL, '2021-06-24'),
(32, '454545', 0, 1, 13, 8, 1, 185, 185, 4200, 0, 0, 0, 0, 128, 0, 2, 35, 35, 0, 100, 0, 32360, 31787, 7, '', 435, 1, 1624514765, 16777343, 1, 0, 0, 0, '', 1624514774, 0, 0, 151200000, 2, 100, 100, 100, 100, 100, 0, 0, 0, 0, 0, 0, '', NULL, NULL, NULL, '2021-06-24', NULL, NULL, '2021-06-24'),
(33, 'Carlos', 0, 1, 16, 8, 1, 185, 185, 4200, 0, 0, 0, 0, 136, 0, 2, 35, 35, 0, 100, 0, 32360, 31782, 7, 0x31, 435, 1, 0, 0, 1, 0, 0, 0, '', 0, 0, 0, 151200000, 2, 100, 100, 100, 100, 100, 0, 0, 0, 0, 0, 0, '', NULL, NULL, NULL, '2021-06-26', NULL, NULL, '2021-06-26'),
(34, 'Carlos Martinez', 0, 1, 16, 8, 1, 185, 185, 4200, 0, 0, 0, 0, 136, 0, 2, 35, 35, 0, 100, 0, 32360, 31782, 7, 0x31, 435, 1, 0, 0, 1, 0, 0, 0, '', 0, 0, 0, 151200000, 2, 100, 100, 100, 100, 100, 0, 0, 0, 0, 0, 0, '', NULL, NULL, NULL, '2021-06-26', NULL, NULL, '2021-06-26'),
(35, '5959', 0, 1, 16, 8, 1, 185, 185, 4200, 0, 0, 0, 0, 136, 0, 2, 35, 35, 0, 100, 0, 32360, 31782, 7, 0x31, 435, 1, 0, 0, 1, 0, 0, 0, '', 0, 0, 0, 151200000, 2, 100, 100, 100, 100, 100, 0, 0, 0, 0, 0, 0, '', NULL, NULL, NULL, '2021-06-26', NULL, NULL, '2021-06-26');

--
-- Triggers `players`
--
DELIMITER $$
CREATE TRIGGER `oncreate_players` AFTER INSERT ON `players` FOR EACH ROW BEGIN
	INSERT INTO `player_skills` (`player_id`, `skillid`, `value`) VALUES (NEW.`id`, 0, 10);
	INSERT INTO `player_skills` (`player_id`, `skillid`, `value`) VALUES (NEW.`id`, 1, 10);
	INSERT INTO `player_skills` (`player_id`, `skillid`, `value`) VALUES (NEW.`id`, 2, 10);
	INSERT INTO `player_skills` (`player_id`, `skillid`, `value`) VALUES (NEW.`id`, 3, 10);
	INSERT INTO `player_skills` (`player_id`, `skillid`, `value`) VALUES (NEW.`id`, 4, 10);
	INSERT INTO `player_skills` (`player_id`, `skillid`, `value`) VALUES (NEW.`id`, 5, 10);
	INSERT INTO `player_skills` (`player_id`, `skillid`, `value`) VALUES (NEW.`id`, 6, 10);
END
$$
DELIMITER ;
DELIMITER $$
CREATE TRIGGER `ondelete_players` BEFORE DELETE ON `players` FOR EACH ROW BEGIN
	DELETE FROM `bans` WHERE `type` IN (2, 5) AND `value` = OLD.`id`;
	UPDATE `houses` SET `owner` = 0 WHERE `owner` = OLD.`id`;
END
$$
DELIMITER ;

-- --------------------------------------------------------

--
-- Table structure for table `player_deaths`
--

CREATE TABLE `player_deaths` (
  `id` int(11) NOT NULL,
  `player_id` int(11) NOT NULL,
  `date` bigint(20) UNSIGNED NOT NULL,
  `level` int(10) UNSIGNED NOT NULL
) ENGINE=InnoDB DEFAULT CHARSET=latin1;

--
-- Dumping data for table `player_deaths`
--

INSERT INTO `player_deaths` (`id`, `player_id`, `date`, `level`) VALUES
(1, 23, 1557490544, 10);

-- --------------------------------------------------------

--
-- Table structure for table `player_depotitems`
--

CREATE TABLE `player_depotitems` (
  `player_id` int(11) NOT NULL,
  `sid` int(11) NOT NULL COMMENT 'any given range, eg. 0-100 is reserved for depot lockers and all above 100 will be normal items inside depots',
  `pid` int(11) NOT NULL DEFAULT 0,
  `itemtype` int(11) NOT NULL,
  `count` int(11) NOT NULL DEFAULT 0,
  `attributes` blob NOT NULL
) ENGINE=InnoDB DEFAULT CHARSET=latin1;

--
-- Dumping data for table `player_depotitems`
--

INSERT INTO `player_depotitems` (`player_id`, `sid`, `pid`, `itemtype`, `count`, `attributes`) VALUES
(23, 101, 3, 2589, 1, ''),
(23, 102, 11, 2589, 1, ''),
(23, 103, 101, 2594, 1, ''),
(23, 104, 102, 2594, 1, '');

-- --------------------------------------------------------

--
-- Table structure for table `player_items`
--

CREATE TABLE `player_items` (
  `player_id` int(11) NOT NULL DEFAULT 0,
  `pid` int(11) NOT NULL DEFAULT 0,
  `sid` int(11) NOT NULL DEFAULT 0,
  `itemtype` int(11) NOT NULL DEFAULT 0,
  `count` int(11) NOT NULL DEFAULT 0,
  `attributes` blob NOT NULL
) ENGINE=InnoDB DEFAULT CHARSET=latin1;

--
-- Dumping data for table `player_items`
--

INSERT INTO `player_items` (`player_id`, `pid`, `sid`, `itemtype`, `count`, `attributes`) VALUES
(20, 1, 101, 2457, 1, ''),
(20, 2, 102, 2173, 1, 0x8001000700636861726765730201000000),
(20, 3, 103, 11235, 1, ''),
(20, 4, 104, 2463, 1, ''),
(20, 5, 105, 2525, 1, ''),
(20, 6, 106, 2190, 1, ''),
(20, 7, 107, 2647, 1, ''),
(20, 8, 108, 2643, 1, ''),
(20, 9, 109, 2124, 1, ''),
(20, 10, 110, 9774, 1, ''),
(20, 103, 111, 2152, 64, 0x0f40),
(20, 103, 112, 2160, 86, 0x0f56),
(20, 103, 113, 2789, 58, 0x0f3a),
(20, 110, 114, 2554, 1, ''),
(20, 110, 115, 2120, 1, ''),
(21, 1, 101, 2457, 1, ''),
(21, 2, 102, 2173, 1, 0x8001000700636861726765730201000000),
(21, 3, 103, 11235, 1, ''),
(21, 4, 104, 2463, 1, ''),
(21, 5, 105, 2525, 1, ''),
(21, 6, 106, 2428, 1, ''),
(21, 7, 107, 2647, 1, ''),
(21, 8, 108, 2643, 1, ''),
(21, 9, 109, 2124, 1, ''),
(21, 10, 110, 9774, 1, ''),
(21, 110, 111, 2643, 1, ''),
(21, 110, 112, 2152, 20, 0x0f14),
(21, 110, 113, 2554, 1, ''),
(21, 110, 114, 2120, 1, ''),
(22, 1, 101, 2457, 1, ''),
(22, 2, 102, 2173, 1, ''),
(22, 3, 103, 11235, 1, ''),
(22, 4, 104, 2463, 1, ''),
(22, 5, 105, 2525, 1, ''),
(22, 6, 106, 2428, 1, ''),
(22, 7, 107, 2647, 1, ''),
(22, 8, 108, 2643, 1, ''),
(22, 9, 109, 2124, 1, ''),
(22, 103, 110, 7618, 1, 0x0f01),
(22, 103, 111, 2120, 1, ''),
(22, 103, 112, 2554, 1, ''),
(22, 103, 113, 2152, 25, 0x0f19),
(23, 1, 101, 2457, 1, ''),
(23, 3, 102, 11235, 1, ''),
(23, 4, 103, 2463, 1, ''),
(23, 5, 104, 2525, 1, ''),
(23, 6, 105, 7434, 1, ''),
(23, 7, 106, 2647, 1, ''),
(23, 8, 107, 2643, 1, ''),
(23, 9, 108, 2124, 1, ''),
(23, 10, 109, 2789, 98, 0x0f62),
(23, 102, 110, 2150, 1, 0x0f01),
(23, 102, 111, 2146, 1, 0x0f01),
(23, 102, 112, 5901, 2, 0x0f02),
(23, 102, 113, 5901, 1, 0x0f01),
(23, 102, 114, 2149, 1, 0x0f01),
(23, 102, 115, 2553, 1, ''),
(23, 102, 116, 2553, 1, ''),
(23, 102, 117, 2553, 1, ''),
(23, 102, 118, 5901, 1, 0x0f01),
(23, 102, 119, 2152, 44, 0x0f2c),
(23, 102, 120, 2182, 1, ''),
(23, 102, 121, 7384, 1, ''),
(23, 102, 122, 7636, 1, 0x0f01),
(23, 102, 123, 2120, 1, ''),
(23, 102, 124, 2554, 1, ''),
(29, 1, 101, 2457, 1, ''),
(29, 2, 102, 2173, 1, ''),
(29, 3, 103, 11235, 1, ''),
(29, 4, 104, 2463, 1, ''),
(29, 5, 105, 2525, 1, ''),
(29, 6, 106, 2190, 1, ''),
(29, 7, 107, 2647, 1, ''),
(29, 8, 108, 2643, 1, ''),
(29, 9, 109, 2124, 1, ''),
(29, 103, 110, 7618, 1, 0x0f01),
(29, 103, 111, 2120, 1, ''),
(29, 103, 112, 2554, 1, ''),
(29, 103, 113, 2152, 25, 0x0f19),
(30, 1, 101, 2457, 1, ''),
(30, 2, 102, 2173, 1, ''),
(30, 3, 103, 11235, 1, ''),
(30, 4, 104, 2463, 1, ''),
(30, 5, 105, 2525, 1, ''),
(30, 6, 106, 2190, 1, ''),
(30, 7, 107, 2647, 1, ''),
(30, 8, 108, 2643, 1, ''),
(30, 9, 109, 2124, 1, ''),
(30, 103, 110, 7618, 1, 0x0f01),
(30, 103, 111, 2120, 1, ''),
(30, 103, 112, 2554, 1, ''),
(30, 103, 113, 2152, 25, 0x0f19),
(31, 1, 101, 2457, 1, ''),
(31, 2, 102, 2173, 1, ''),
(31, 3, 103, 11235, 1, ''),
(31, 4, 104, 2463, 1, ''),
(31, 5, 105, 2525, 1, ''),
(31, 6, 106, 2190, 1, ''),
(31, 7, 107, 2647, 1, ''),
(31, 8, 108, 2643, 1, ''),
(31, 9, 109, 2124, 1, ''),
(31, 103, 110, 7618, 1, 0x0f01),
(31, 103, 111, 2120, 1, ''),
(31, 103, 112, 2554, 1, ''),
(31, 103, 113, 2152, 25, 0x0f19),
(32, 1, 101, 2457, 1, ''),
(32, 2, 102, 2173, 1, ''),
(32, 3, 103, 11235, 1, ''),
(32, 4, 104, 2463, 1, ''),
(32, 5, 105, 2525, 1, ''),
(32, 6, 106, 2190, 1, ''),
(32, 7, 107, 2647, 1, ''),
(32, 8, 108, 2643, 1, ''),
(32, 9, 109, 2124, 1, ''),
(32, 103, 110, 7618, 1, 0x0f01),
(32, 103, 111, 2120, 1, ''),
(32, 103, 112, 2554, 1, ''),
(32, 103, 113, 2152, 25, 0x0f19);

-- --------------------------------------------------------

--
-- Table structure for table `player_killers`
--

CREATE TABLE `player_killers` (
  `kill_id` int(11) NOT NULL,
  `player_id` int(11) NOT NULL
) ENGINE=InnoDB DEFAULT CHARSET=latin1;

-- --------------------------------------------------------

--
-- Table structure for table `player_namelocks`
--

CREATE TABLE `player_namelocks` (
  `player_id` int(11) NOT NULL DEFAULT 0,
  `name` varchar(255) NOT NULL,
  `new_name` varchar(255) NOT NULL,
  `date` bigint(20) NOT NULL DEFAULT 0
) ENGINE=InnoDB DEFAULT CHARSET=latin1;

-- --------------------------------------------------------

--
-- Table structure for table `player_skills`
--

CREATE TABLE `player_skills` (
  `player_id` int(11) NOT NULL DEFAULT 0,
  `skillid` tinyint(2) NOT NULL DEFAULT 0,
  `value` int(10) UNSIGNED NOT NULL DEFAULT 0,
  `count` int(10) UNSIGNED NOT NULL DEFAULT 0
) ENGINE=InnoDB DEFAULT CHARSET=latin1;

--
-- Dumping data for table `player_skills`
--

INSERT INTO `player_skills` (`player_id`, `skillid`, `value`, `count`) VALUES
(15, 0, 10, 0),
(15, 1, 10, 0),
(15, 2, 10, 0),
(15, 3, 10, 0),
(15, 4, 10, 0),
(15, 5, 10, 0),
(15, 6, 10, 0),
(16, 0, 10, 0),
(16, 1, 10, 0),
(16, 2, 10, 0),
(16, 3, 10, 0),
(16, 4, 10, 0),
(16, 5, 10, 0),
(16, 6, 10, 0),
(17, 0, 10, 0),
(17, 1, 10, 0),
(17, 2, 10, 0),
(17, 3, 10, 0),
(17, 4, 10, 0),
(17, 5, 10, 0),
(17, 6, 10, 0),
(18, 0, 10, 0),
(18, 1, 10, 0),
(18, 2, 10, 0),
(18, 3, 10, 0),
(18, 4, 10, 0),
(18, 5, 10, 0),
(18, 6, 10, 0),
(19, 0, 10, 0),
(19, 1, 10, 0),
(19, 2, 10, 0),
(19, 3, 10, 0),
(19, 4, 10, 0),
(19, 5, 10, 0),
(19, 6, 10, 0),
(20, 0, 10, 0),
(20, 1, 10, 0),
(20, 2, 10, 0),
(20, 3, 10, 0),
(20, 4, 10, 0),
(20, 5, 16, 803),
(20, 6, 10, 0),
(21, 0, 10, 0),
(21, 1, 10, 0),
(21, 2, 10, 0),
(21, 3, 10, 0),
(21, 4, 10, 0),
(21, 5, 10, 0),
(21, 6, 10, 0),
(22, 0, 10, 0),
(22, 1, 10, 0),
(22, 2, 10, 0),
(22, 3, 10, 0),
(22, 4, 10, 0),
(22, 5, 10, 0),
(22, 6, 10, 0),
(23, 0, 10, 0),
(23, 1, 10, 0),
(23, 2, 10, 0),
(23, 3, 10, 0),
(23, 4, 10, 0),
(23, 5, 18, 710),
(23, 6, 10, 0),
(29, 0, 10, 0),
(29, 1, 10, 0),
(29, 2, 10, 0),
(29, 3, 10, 0),
(29, 4, 10, 0),
(29, 5, 10, 0),
(29, 6, 10, 0),
(30, 0, 10, 0),
(30, 1, 10, 0),
(30, 2, 10, 0),
(30, 3, 10, 0),
(30, 4, 10, 0),
(30, 5, 10, 0),
(30, 6, 10, 0),
(31, 0, 10, 0),
(31, 1, 10, 0),
(31, 2, 10, 0),
(31, 3, 10, 0),
(31, 4, 10, 0),
(31, 5, 10, 0),
(31, 6, 10, 0),
(32, 0, 10, 0),
(32, 1, 10, 0),
(32, 2, 10, 0),
(32, 3, 10, 0),
(32, 4, 10, 0),
(32, 5, 10, 0),
(32, 6, 10, 0),
(33, 0, 10, 0),
(33, 1, 10, 0),
(33, 2, 10, 0),
(33, 3, 10, 0),
(33, 4, 10, 0),
(33, 5, 10, 0),
(33, 6, 10, 0),
(34, 0, 10, 0),
(34, 1, 10, 0),
(34, 2, 10, 0),
(34, 3, 10, 0),
(34, 4, 10, 0),
(34, 5, 10, 0),
(34, 6, 10, 0),
(35, 0, 10, 0),
(35, 1, 10, 0),
(35, 2, 10, 0),
(35, 3, 10, 0),
(35, 4, 10, 0),
(35, 5, 10, 0),
(35, 6, 10, 0);

-- --------------------------------------------------------

--
-- Table structure for table `player_spells`
--

CREATE TABLE `player_spells` (
  `player_id` int(11) NOT NULL,
  `name` varchar(255) NOT NULL
) ENGINE=InnoDB DEFAULT CHARSET=latin1;

-- --------------------------------------------------------

--
-- Table structure for table `player_storage`
--

CREATE TABLE `player_storage` (
  `player_id` int(11) NOT NULL DEFAULT 0,
  `key` varchar(32) NOT NULL DEFAULT '0',
  `value` varchar(255) NOT NULL DEFAULT '0'
) ENGINE=InnoDB DEFAULT CHARSET=latin1;

--
-- Dumping data for table `player_storage`
--

INSERT INTO `player_storage` (`player_id`, `key`, `value`) VALUES
(20, '30001', '1'),
(20, '42300', '0'),
(20, '42301', '0'),
(20, '42302', '0'),
(20, '42303', '0'),
(20, '42304', '0'),
(20, '42305', '0'),
(20, '42306', '0'),
(20, '42307', '0'),
(20, '42308', '0'),
(20, '42309', '0'),
(20, '42310', '0'),
(20, '42311', '0'),
(20, '42312', '0'),
(20, '42313', '0'),
(20, '42314', '0'),
(20, '42315', '0'),
(20, '42316', '0'),
(20, '42317', '0'),
(20, '42318', '0'),
(20, '42319', '0'),
(20, '42320', '0'),
(20, '42321', '0'),
(20, '42322', '0'),
(20, '42323', '0'),
(20, '42324', '0'),
(20, '42325', '0'),
(20, '42326', '0'),
(20, '42327', '0'),
(20, '42328', '0'),
(20, '42329', '0'),
(20, '42350', '0'),
(20, '42352', '0'),
(20, '42355', '0'),
(20, '50000', '1'),
(21, '30001', '1'),
(21, '42300', '0'),
(21, '42301', '0'),
(21, '42302', '0'),
(21, '42303', '0'),
(21, '42304', '0'),
(21, '42305', '0'),
(21, '42306', '0'),
(21, '42307', '0'),
(21, '42308', '0'),
(21, '42309', '0'),
(21, '42310', '0'),
(21, '42311', '0'),
(21, '42312', '0'),
(21, '42313', '0'),
(21, '42314', '0'),
(21, '42315', '0'),
(21, '42316', '0'),
(21, '42317', '0'),
(21, '42318', '0'),
(21, '42319', '0'),
(21, '42320', '0'),
(21, '42321', '0'),
(21, '42322', '0'),
(21, '42323', '0'),
(21, '42324', '0'),
(21, '42325', '0'),
(21, '42326', '0'),
(21, '42327', '0'),
(21, '42328', '0'),
(21, '42329', '0'),
(21, '42350', '0'),
(21, '42352', '0'),
(21, '42355', '0'),
(21, '50000', '1'),
(22, '30001', '1'),
(22, '42300', '0'),
(22, '42301', '0'),
(22, '42302', '0'),
(22, '42303', '0'),
(22, '42304', '0'),
(22, '42305', '0'),
(22, '42306', '0'),
(22, '42307', '0'),
(22, '42308', '0'),
(22, '42309', '0'),
(22, '42310', '0'),
(22, '42311', '0'),
(22, '42312', '0'),
(22, '42313', '0'),
(22, '42314', '0'),
(22, '42315', '0'),
(22, '42316', '0'),
(22, '42317', '0'),
(22, '42318', '0'),
(22, '42319', '0'),
(22, '42320', '0'),
(22, '42321', '0'),
(22, '42322', '0'),
(22, '42323', '0'),
(22, '42324', '0'),
(22, '42325', '0'),
(22, '42326', '0'),
(22, '42327', '0'),
(22, '42328', '0'),
(22, '42329', '0'),
(22, '42350', '0'),
(22, '42352', '0'),
(22, '42355', '0'),
(23, '30001', '1'),
(23, '42300', '1'),
(23, '42301', '1'),
(23, '42302', '1'),
(23, '42303', '1'),
(23, '42304', '1'),
(23, '42305', '1'),
(23, '42306', '1'),
(23, '42307', '1'),
(23, '42308', '1'),
(23, '42309', '1'),
(23, '42310', '1'),
(23, '42311', '1'),
(23, '42312', '1'),
(23, '42313', '1'),
(23, '42314', '1'),
(23, '42315', '1'),
(23, '42316', '1'),
(23, '42317', '1'),
(23, '42318', '1'),
(23, '42319', '1'),
(23, '42320', '1'),
(23, '42321', '1'),
(23, '42322', '1'),
(23, '42323', '1'),
(23, '42324', '1'),
(23, '42325', '1'),
(23, '42326', '1'),
(23, '42327', '1'),
(23, '42328', '1'),
(23, '42329', '1'),
(23, '42330', '1'),
(23, '42340', '1'),
(23, '42350', '0'),
(23, '42351', '0'),
(23, '42352', '0'),
(23, '42355', '3'),
(23, '42361', '1'),
(23, '42371', '1'),
(23, '42381', '1'),
(29, '30001', '1'),
(29, '42300', '0'),
(29, '42301', '0'),
(29, '42302', '0'),
(29, '42303', '0'),
(29, '42304', '0'),
(29, '42305', '0'),
(29, '42306', '0'),
(29, '42307', '0'),
(29, '42308', '0'),
(29, '42309', '0'),
(29, '42310', '0'),
(29, '42311', '0'),
(29, '42312', '0'),
(29, '42313', '0'),
(29, '42314', '0'),
(29, '42315', '0'),
(29, '42316', '0'),
(29, '42317', '0'),
(29, '42318', '0'),
(29, '42319', '0'),
(29, '42320', '0'),
(29, '42321', '0'),
(29, '42322', '0'),
(29, '42323', '0'),
(29, '42324', '0'),
(29, '42325', '0'),
(29, '42326', '0'),
(29, '42327', '0'),
(29, '42328', '0'),
(29, '42329', '0'),
(29, '42350', '0'),
(29, '42352', '0'),
(29, '42355', '0'),
(30, '30001', '1'),
(30, '42300', '0'),
(30, '42301', '0'),
(30, '42302', '0'),
(30, '42303', '0'),
(30, '42304', '0'),
(30, '42305', '0'),
(30, '42306', '0'),
(30, '42307', '0'),
(30, '42308', '0'),
(30, '42309', '0'),
(30, '42310', '0'),
(30, '42311', '0'),
(30, '42312', '0'),
(30, '42313', '0'),
(30, '42314', '0'),
(30, '42315', '0'),
(30, '42316', '0'),
(30, '42317', '0'),
(30, '42318', '0'),
(30, '42319', '0'),
(30, '42320', '0'),
(30, '42321', '0'),
(30, '42322', '0'),
(30, '42323', '0'),
(30, '42324', '0'),
(30, '42325', '0'),
(30, '42326', '0'),
(30, '42327', '0'),
(30, '42328', '0'),
(30, '42329', '0'),
(30, '42350', '0'),
(30, '42352', '0'),
(30, '42355', '0'),
(31, '30001', '1'),
(31, '42300', '0'),
(31, '42301', '0'),
(31, '42302', '0'),
(31, '42303', '0'),
(31, '42304', '0'),
(31, '42305', '0'),
(31, '42306', '0'),
(31, '42307', '0'),
(31, '42308', '0'),
(31, '42309', '0'),
(31, '42310', '0'),
(31, '42311', '0'),
(31, '42312', '0'),
(31, '42313', '0'),
(31, '42314', '0'),
(31, '42315', '0'),
(31, '42316', '0'),
(31, '42317', '0'),
(31, '42318', '0'),
(31, '42319', '0'),
(31, '42320', '0'),
(31, '42321', '0'),
(31, '42322', '0'),
(31, '42323', '0'),
(31, '42324', '0'),
(31, '42325', '0'),
(31, '42326', '0'),
(31, '42327', '0'),
(31, '42328', '0'),
(31, '42329', '0'),
(31, '42350', '0'),
(31, '42352', '0'),
(31, '42355', '0'),
(32, '30001', '1'),
(32, '42300', '0'),
(32, '42301', '0'),
(32, '42302', '0'),
(32, '42303', '0'),
(32, '42304', '0'),
(32, '42305', '0'),
(32, '42306', '0'),
(32, '42307', '0'),
(32, '42308', '0'),
(32, '42309', '0'),
(32, '42310', '0'),
(32, '42311', '0'),
(32, '42312', '0'),
(32, '42313', '0'),
(32, '42314', '0'),
(32, '42315', '0'),
(32, '42316', '0'),
(32, '42317', '0'),
(32, '42318', '0'),
(32, '42319', '0'),
(32, '42320', '0'),
(32, '42321', '0'),
(32, '42322', '0'),
(32, '42323', '0'),
(32, '42324', '0'),
(32, '42325', '0'),
(32, '42326', '0'),
(32, '42327', '0'),
(32, '42328', '0'),
(32, '42329', '0'),
(32, '42350', '0'),
(32, '42352', '0'),
(32, '42355', '0');

-- --------------------------------------------------------

--
-- Table structure for table `player_viplist`
--

CREATE TABLE `player_viplist` (
  `player_id` int(11) NOT NULL,
  `vip_id` int(11) NOT NULL
) ENGINE=InnoDB DEFAULT CHARSET=latin1;

-- --------------------------------------------------------

--
-- Table structure for table `poll`
--

CREATE TABLE `poll` (
  `id` int(11) NOT NULL,
  `question` varchar(150) DEFAULT NULL,
  `created` timestamp NOT NULL DEFAULT current_timestamp(),
  `date_start` datetime DEFAULT NULL,
  `date_end` datetime DEFAULT NULL,
  `status` tinyint(1) NOT NULL DEFAULT 0
) ENGINE=InnoDB DEFAULT CHARSET=latin1;

-- --------------------------------------------------------

--
-- Table structure for table `polls`
--

CREATE TABLE `polls` (
  `id` int(11) NOT NULL,
  `player_id` int(11) NOT NULL,
  `poll` varchar(255) NOT NULL,
  `options` varchar(255) NOT NULL,
  `timestamp` int(11) NOT NULL
) ENGINE=InnoDB DEFAULT CHARSET=latin1;

-- --------------------------------------------------------

--
-- Table structure for table `poll_answer`
--

CREATE TABLE `poll_answer` (
  `id` int(11) NOT NULL,
  `poll_id` int(11) NOT NULL,
  `answer` varchar(150) DEFAULT NULL
) ENGINE=InnoDB DEFAULT CHARSET=latin1;

-- --------------------------------------------------------

--
-- Table structure for table `poll_votes`
--

CREATE TABLE `poll_votes` (
  `poll_id` int(11) NOT NULL,
  `votes` varchar(255) NOT NULL,
  `account_id` varchar(255) NOT NULL
) ENGINE=InnoDB DEFAULT CHARSET=latin1;

-- --------------------------------------------------------

--
-- Table structure for table `posts`
--

CREATE TABLE `posts` (
  `id` int(10) UNSIGNED NOT NULL,
  `title` varchar(64) NOT NULL,
  `text` text NOT NULL,
  `time` int(16) UNSIGNED NOT NULL,
  `author` varchar(64) NOT NULL,
  `board_id` int(16) UNSIGNED NOT NULL,
  `thread_id` int(16) UNSIGNED NOT NULL
) ENGINE=InnoDB DEFAULT CHARSET=latin1;

-- --------------------------------------------------------

--
-- Table structure for table `server_config`
--

CREATE TABLE `server_config` (
  `config` varchar(35) NOT NULL DEFAULT '',
  `value` varchar(255) NOT NULL DEFAULT ''
) ENGINE=InnoDB DEFAULT CHARSET=latin1;

--
-- Dumping data for table `server_config`
--

INSERT INTO `server_config` (`config`, `value`) VALUES
('db_version', '27'),
('encryption', '2'),
('vahash_key', 'A7TW-EK52-RADH-QC29');

-- --------------------------------------------------------

--
-- Table structure for table `server_motd`
--

CREATE TABLE `server_motd` (
  `id` int(10) UNSIGNED NOT NULL,
  `world_id` tinyint(2) UNSIGNED NOT NULL DEFAULT 0,
  `text` text NOT NULL
) ENGINE=InnoDB DEFAULT CHARSET=latin1;

--
-- Dumping data for table `server_motd`
--

INSERT INTO `server_motd` (`id`, `world_id`, `text`) VALUES
(1, 0, 'Welcome to The Forgotten Server!'),
(2, 0, 'Mystic Server 8.60'),
(3, 0, '*Welcome to Wolrd Infernatil.*'),
(4, 0, 'Mystic Server 8.60');

-- --------------------------------------------------------

--
-- Table structure for table `server_record`
--

CREATE TABLE `server_record` (
  `record` int(11) NOT NULL,
  `world_id` tinyint(2) UNSIGNED NOT NULL DEFAULT 0,
  `timestamp` bigint(20) NOT NULL
) ENGINE=InnoDB DEFAULT CHARSET=latin1;

--
-- Dumping data for table `server_record`
--

INSERT INTO `server_record` (`record`, `world_id`, `timestamp`) VALUES
(0, 0, 0),
(1, 0, 1472177892),
(2, 0, 1557500446);

-- --------------------------------------------------------

--
-- Table structure for table `server_reports`
--

CREATE TABLE `server_reports` (
  `id` int(11) NOT NULL,
  `world_id` tinyint(2) UNSIGNED NOT NULL DEFAULT 0,
  `player_id` int(11) NOT NULL DEFAULT 1,
  `posx` int(11) NOT NULL DEFAULT 0,
  `posy` int(11) NOT NULL DEFAULT 0,
  `posz` int(11) NOT NULL DEFAULT 0,
  `timestamp` bigint(20) NOT NULL DEFAULT 0,
  `report` text NOT NULL,
  `reads` int(11) NOT NULL DEFAULT 0
) ENGINE=InnoDB DEFAULT CHARSET=latin1;

-- --------------------------------------------------------

--
-- Table structure for table `threads`
--

CREATE TABLE `threads` (
  `id` int(10) UNSIGNED NOT NULL,
  `name` varchar(64) NOT NULL,
  `sticked` tinyint(1) UNSIGNED NOT NULL,
  `closed` tinyint(1) UNSIGNED NOT NULL,
  `author` varchar(64) NOT NULL,
  `time` int(12) UNSIGNED NOT NULL,
  `board_id` int(12) UNSIGNED NOT NULL
) ENGINE=InnoDB DEFAULT CHARSET=latin1;

-- --------------------------------------------------------

--
-- Table structure for table `tiles`
--

CREATE TABLE `tiles` (
  `id` int(10) UNSIGNED NOT NULL,
  `world_id` tinyint(2) UNSIGNED NOT NULL DEFAULT 0,
  `house_id` int(10) UNSIGNED NOT NULL,
  `x` int(5) UNSIGNED NOT NULL,
  `y` int(5) UNSIGNED NOT NULL,
  `z` tinyint(2) UNSIGNED NOT NULL
) ENGINE=InnoDB DEFAULT CHARSET=latin1;

-- --------------------------------------------------------

--
-- Table structure for table `tile_items`
--

CREATE TABLE `tile_items` (
  `tile_id` int(10) UNSIGNED NOT NULL,
  `world_id` tinyint(2) UNSIGNED NOT NULL DEFAULT 0,
  `sid` int(11) NOT NULL,
  `pid` int(11) NOT NULL DEFAULT 0,
  `itemtype` int(11) NOT NULL,
  `count` int(11) NOT NULL DEFAULT 0,
  `attributes` blob NOT NULL
) ENGINE=InnoDB DEFAULT CHARSET=latin1;

-- --------------------------------------------------------

--
-- Table structure for table `town`
--

CREATE TABLE `town` (
  `town_id` int(11) NOT NULL,
  `posx` int(6) NOT NULL,
  `posy` int(6) NOT NULL,
  `posz` int(6) NOT NULL
) ENGINE=InnoDB DEFAULT CHARSET=utf8mb4;

--
-- Dumping data for table `town`
--

INSERT INTO `town` (`town_id`, `posx`, `posy`, `posz`) VALUES
(0, 32360, 31782, 7);

-- --------------------------------------------------------

--
-- Table structure for table `users`
--

CREATE TABLE `users` (
  `id` int(10) UNSIGNED NOT NULL,
  `name` varchar(255) COLLATE utf8mb4_unicode_ci NOT NULL,
  `email` varchar(255) COLLATE utf8mb4_unicode_ci NOT NULL,
  `password` varchar(255) COLLATE utf8mb4_unicode_ci NOT NULL,
  `remember_token` varchar(100) COLLATE utf8mb4_unicode_ci DEFAULT NULL,
  `created_at` timestamp NULL DEFAULT NULL,
  `updated_at` timestamp NULL DEFAULT NULL
) ENGINE=InnoDB DEFAULT CHARSET=utf8mb4 COLLATE=utf8mb4_unicode_ci;

--
-- Dumping data for table `users`
--

INSERT INTO `users` (`id`, `name`, `email`, `password`, `remember_token`, `created_at`, `updated_at`) VALUES
(1, '123456', 'carlosmvera18@gmail.com', '062396ae3f8d9a9c94cdb7057120464c4161d18c', 'YC65MbqJjjbGn2GWaGBFReySmJNm1xctxeMvUsR6NXu8rLQBQeqNDekK1Udx', '2021-06-14 13:30:42', '2021-06-14 13:30:42'),
(2, '7777777', '7777777@gmail.com', '$2y$10$4mxSjqsekmf9vtMztdGNUOw6nELTuZyPerl6xROVDstw4Um7fYs0K', 'CcUaRjkG3Po5LYQhwpdk09CggdpdtA4IIbg7l2XRaQWmsSw1AtGHFkO3qFr2', '2021-06-14 13:45:32', '2021-06-14 13:45:32'),
(3, 'ggggggg', 'ggggggg@hotmail.com', '$2y$10$4mxSjqsekmf9vtMztdGNUOw6nELTuZyPerl6xROVDstw4Um7fYs0K', 'yrLHcAo3Rax3EvMTv8MUm6SGmybNHSttJDFZDBIUInepVVBcMAuv1L1KBUxP', '2021-06-20 10:00:01', '2021-06-20 10:00:01'),
(4, 'lllllll', 'lllllll@hotmail.com', '062396ae3f8d9a9c94cdb7057120464c4161d18c', 'rcTTs19DAGWxPbd8VlBhAHPkKAY9zcKuoMpK4Ss23xE9FAU3YANgvCk8Pu5g', '2021-06-20 10:03:49', '2021-06-20 10:03:49'),
(5, '6666666', '6666666@hotmail.com', '$2y$10$ZPSVZm2pFufthiteein4jub9en/6y/9gHLNYcFpSBLvqCEFrhKLQq', 'w91TzKRYBoKodfNShrS5CKs3bWwxFmBnrBvZT4cwF1pambs4u8eLhDpUfEB1', '2021-06-20 10:06:37', '2021-06-20 10:06:37'),
(6, '9999999', '9999999@gmail.com', '$2y$10$pQ6uVSq7Ic9PEmGTgb51vej84m1f95jdc4XRBrG39bygId5jl4x4q', 'pR3sbdlfNI3uPBSHadfOG3oxawZyw3nWH81OK2QEDPotJWpETWCgtbWvCb0F', '2021-06-24 10:46:23', '2021-06-24 10:46:23'),
(7, '454545', '454545@gmail.com', '$2y$10$plkqn3IEKRBa6M2XBo3uq.//IO6BfaqBtX8O0aaCvEb/g087t6Xfu', '6rZCxu4iPd2NE2VVUtSOwHxN5D3uRelRjF697X4q2GEGE9RGVqv7qUX9q3kR', '2021-06-24 11:05:44', '2021-06-24 11:05:44'),
(8, 'caco93', 'caco93@gmail.com', '$2y$10$mbTpwUljsLFxk.zdXKgyC.iQt9w62R3EyNSzjLasp.GGG5uGebKaK', 'Fv6Y34Zy3fT9Lows6MB2BgiR6ZRqK5myplDfK7Z6kZJCLCuTIUFsM1Bta4cl', '2021-06-26 10:26:07', '2021-06-26 10:26:07'),
(9, 'ca', 'ca@gmail.com', '$2y$10$us25rUPemmaR3/xAp288gOT7NLCmZ7XFPFL14z9uPJraylm3kVP22', 'I00EBBDz4tNA25i7DGQqmEhc2sw2cT2EeoWy23QqO8eph6Tpi3NIT2ixiUih', '2021-06-26 10:27:18', '2021-06-26 10:27:18'),
(10, '55555', '55555@gmail.com', '$2y$10$h0aT9k0zmmLJ0zVdNygnceIyWaAc9MLMBhwciV7aqXAsXzIWKUg8.', 'jSkRfrGs5pkPHbs4bYcOnZrttPEUSLEnnqi6qsMi32iWRjoatCvLsiVvZSan', '2021-06-26 10:38:46', '2021-06-26 10:38:46');

-- --------------------------------------------------------

--
-- Table structure for table `videos`
--

CREATE TABLE `videos` (
  `id` int(10) UNSIGNED NOT NULL,
  `author` int(12) UNSIGNED NOT NULL,
  `title` varchar(64) NOT NULL,
  `description` text NOT NULL,
  `youtube` varchar(45) NOT NULL,
  `views` int(12) UNSIGNED NOT NULL,
  `time` int(16) UNSIGNED NOT NULL
) ENGINE=InnoDB DEFAULT CHARSET=latin1;

-- --------------------------------------------------------

--
-- Table structure for table `video_comments`
--

CREATE TABLE `video_comments` (
  `id` int(10) UNSIGNED NOT NULL,
  `author` int(12) UNSIGNED NOT NULL,
  `video` int(12) UNSIGNED NOT NULL,
  `time` int(16) UNSIGNED NOT NULL,
  `text` text NOT NULL
) ENGINE=InnoDB DEFAULT CHARSET=latin1;

--
-- Indexes for dumped tables
--

--
-- Indexes for table `accounts`
--
ALTER TABLE `accounts`
  ADD PRIMARY KEY (`id`),
  ADD UNIQUE KEY `name` (`name`),
  ADD UNIQUE KEY `created_at` (`id`);

--
-- Indexes for table `account_viplist`
--
ALTER TABLE `account_viplist`
  ADD UNIQUE KEY `account_id_2` (`account_id`,`player_id`),
  ADD KEY `account_id` (`account_id`),
  ADD KEY `player_id` (`player_id`),
  ADD KEY `world_id` (`world_id`);

--
-- Indexes for table `bans`
--
ALTER TABLE `bans`
  ADD PRIMARY KEY (`id`),
  ADD KEY `type` (`type`,`value`),
  ADD KEY `active` (`active`);

--
-- Indexes for table `bugtracker`
--
ALTER TABLE `bugtracker`
  ADD PRIMARY KEY (`id`);

--
-- Indexes for table `comments`
--
ALTER TABLE `comments`
  ADD PRIMARY KEY (`id`);

--
-- Indexes for table `environment_killers`
--
ALTER TABLE `environment_killers`
  ADD KEY `kill_id` (`kill_id`);

--
-- Indexes for table `forums`
--
ALTER TABLE `forums`
  ADD PRIMARY KEY (`id`);

--
-- Indexes for table `friends`
--
ALTER TABLE `friends`
  ADD PRIMARY KEY (`id`),
  ADD KEY `with` (`with`),
  ADD KEY `friend` (`friend`);

--
-- Indexes for table `global_storage`
--
ALTER TABLE `global_storage`
  ADD UNIQUE KEY `key` (`key`,`world_id`);

--
-- Indexes for table `guilds`
--
ALTER TABLE `guilds`
  ADD PRIMARY KEY (`id`),
  ADD UNIQUE KEY `name` (`name`,`world_id`);

--
-- Indexes for table `guild_invites`
--
ALTER TABLE `guild_invites`
  ADD UNIQUE KEY `player_id` (`player_id`,`guild_id`),
  ADD KEY `guild_id` (`guild_id`);

--
-- Indexes for table `guild_ranks`
--
ALTER TABLE `guild_ranks`
  ADD PRIMARY KEY (`id`),
  ADD KEY `guild_id` (`guild_id`);

--
-- Indexes for table `houses`
--
ALTER TABLE `houses`
  ADD UNIQUE KEY `id` (`id`,`world_id`);

--
-- Indexes for table `house_auctions`
--
ALTER TABLE `house_auctions`
  ADD UNIQUE KEY `house_id` (`house_id`,`world_id`),
  ADD KEY `player_id` (`player_id`);

--
-- Indexes for table `house_data`
--
ALTER TABLE `house_data`
  ADD UNIQUE KEY `house_id` (`house_id`,`world_id`);

--
-- Indexes for table `house_lists`
--
ALTER TABLE `house_lists`
  ADD UNIQUE KEY `house_id` (`house_id`,`world_id`,`listid`);

--
-- Indexes for table `killers`
--
ALTER TABLE `killers`
  ADD PRIMARY KEY (`id`),
  ADD KEY `death_id` (`death_id`);

--
-- Indexes for table `messages`
--
ALTER TABLE `messages`
  ADD PRIMARY KEY (`id`),
  ADD KEY `from` (`from`),
  ADD KEY `to` (`to`);

--
-- Indexes for table `migrations`
--
ALTER TABLE `migrations`
  ADD PRIMARY KEY (`id`);

--
-- Indexes for table `news`
--
ALTER TABLE `news`
  ADD PRIMARY KEY (`id`);

--
-- Indexes for table `password_resets`
--
ALTER TABLE `password_resets`
  ADD KEY `password_resets_email_index` (`email`);

--
-- Indexes for table `players`
--
ALTER TABLE `players`
  ADD PRIMARY KEY (`id`),
  ADD UNIQUE KEY `name` (`name`,`deleted`),
  ADD KEY `account_id` (`account_id`),
  ADD KEY `group_id` (`group_id`),
  ADD KEY `online` (`online`),
  ADD KEY `deleted` (`deleted`);

--
-- Indexes for table `player_deaths`
--
ALTER TABLE `player_deaths`
  ADD PRIMARY KEY (`id`),
  ADD KEY `date` (`date`),
  ADD KEY `player_id` (`player_id`);

--
-- Indexes for table `player_depotitems`
--
ALTER TABLE `player_depotitems`
  ADD UNIQUE KEY `player_id_2` (`player_id`,`sid`),
  ADD KEY `player_id` (`player_id`);

--
-- Indexes for table `player_items`
--
ALTER TABLE `player_items`
  ADD UNIQUE KEY `player_id_2` (`player_id`,`sid`),
  ADD KEY `player_id` (`player_id`);

--
-- Indexes for table `player_killers`
--
ALTER TABLE `player_killers`
  ADD KEY `kill_id` (`kill_id`),
  ADD KEY `player_id` (`player_id`);

--
-- Indexes for table `player_namelocks`
--
ALTER TABLE `player_namelocks`
  ADD KEY `player_id` (`player_id`);

--
-- Indexes for table `player_skills`
--
ALTER TABLE `player_skills`
  ADD UNIQUE KEY `player_id_2` (`player_id`,`skillid`),
  ADD KEY `player_id` (`player_id`);

--
-- Indexes for table `player_spells`
--
ALTER TABLE `player_spells`
  ADD UNIQUE KEY `player_id_2` (`player_id`,`name`),
  ADD KEY `player_id` (`player_id`);

--
-- Indexes for table `player_storage`
--
ALTER TABLE `player_storage`
  ADD UNIQUE KEY `player_id_2` (`player_id`,`key`),
  ADD KEY `player_id` (`player_id`);

--
-- Indexes for table `player_viplist`
--
ALTER TABLE `player_viplist`
  ADD UNIQUE KEY `player_id_2` (`player_id`,`vip_id`),
  ADD KEY `player_id` (`player_id`),
  ADD KEY `vip_id` (`vip_id`);

--
-- Indexes for table `poll`
--
ALTER TABLE `poll`
  ADD PRIMARY KEY (`id`),
  ADD KEY `question` (`question`);

--
-- Indexes for table `polls`
--
ALTER TABLE `polls`
  ADD PRIMARY KEY (`id`),
  ADD KEY `player_id` (`player_id`);

--
-- Indexes for table `poll_answer`
--
ALTER TABLE `poll_answer`
  ADD PRIMARY KEY (`id`),
  ADD KEY `poll_id` (`poll_id`);

--
-- Indexes for table `poll_votes`
--
ALTER TABLE `poll_votes`
  ADD KEY `poll_id` (`poll_id`);

--
-- Indexes for table `posts`
--
ALTER TABLE `posts`
  ADD PRIMARY KEY (`id`);

--
-- Indexes for table `server_config`
--
ALTER TABLE `server_config`
  ADD UNIQUE KEY `config` (`config`);

--
-- Indexes for table `server_motd`
--
ALTER TABLE `server_motd`
  ADD UNIQUE KEY `id` (`id`,`world_id`);

--
-- Indexes for table `server_record`
--
ALTER TABLE `server_record`
  ADD UNIQUE KEY `record` (`record`,`world_id`,`timestamp`);

--
-- Indexes for table `server_reports`
--
ALTER TABLE `server_reports`
  ADD PRIMARY KEY (`id`),
  ADD KEY `world_id` (`world_id`),
  ADD KEY `reads` (`reads`),
  ADD KEY `player_id` (`player_id`);

--
-- Indexes for table `threads`
--
ALTER TABLE `threads`
  ADD PRIMARY KEY (`id`);

--
-- Indexes for table `tiles`
--
ALTER TABLE `tiles`
  ADD UNIQUE KEY `id` (`id`,`world_id`),
  ADD KEY `x` (`x`,`y`,`z`),
  ADD KEY `house_id` (`house_id`,`world_id`);

--
-- Indexes for table `tile_items`
--
ALTER TABLE `tile_items`
  ADD UNIQUE KEY `tile_id` (`tile_id`,`world_id`,`sid`),
  ADD KEY `sid` (`sid`);

--
-- Indexes for table `town`
--
ALTER TABLE `town`
  ADD PRIMARY KEY (`town_id`);

--
-- Indexes for table `users`
--
ALTER TABLE `users`
  ADD PRIMARY KEY (`id`),
  ADD UNIQUE KEY `users_email_unique` (`email`);

--
-- Indexes for table `videos`
--
ALTER TABLE `videos`
  ADD PRIMARY KEY (`id`);

--
-- Indexes for table `video_comments`
--
ALTER TABLE `video_comments`
  ADD PRIMARY KEY (`id`);

--
-- AUTO_INCREMENT for dumped tables
--

--
-- AUTO_INCREMENT for table `accounts`
--
ALTER TABLE `accounts`
  MODIFY `id` int(11) NOT NULL AUTO_INCREMENT, AUTO_INCREMENT=17;

--
-- AUTO_INCREMENT for table `bans`
--
ALTER TABLE `bans`
  MODIFY `id` int(10) UNSIGNED NOT NULL AUTO_INCREMENT, AUTO_INCREMENT=4;

--
-- AUTO_INCREMENT for table `bugtracker`
--
ALTER TABLE `bugtracker`
  MODIFY `id` int(10) UNSIGNED NOT NULL AUTO_INCREMENT;

--
-- AUTO_INCREMENT for table `comments`
--
ALTER TABLE `comments`
  MODIFY `id` int(11) NOT NULL AUTO_INCREMENT;

--
-- AUTO_INCREMENT for table `forums`
--
ALTER TABLE `forums`
  MODIFY `id` int(10) UNSIGNED NOT NULL AUTO_INCREMENT;

--
-- AUTO_INCREMENT for table `friends`
--
ALTER TABLE `friends`
  MODIFY `id` int(11) NOT NULL AUTO_INCREMENT;

--
-- AUTO_INCREMENT for table `guilds`
--
ALTER TABLE `guilds`
  MODIFY `id` int(11) NOT NULL AUTO_INCREMENT;

--
-- AUTO_INCREMENT for table `guild_ranks`
--
ALTER TABLE `guild_ranks`
  MODIFY `id` int(11) NOT NULL AUTO_INCREMENT;

--
-- AUTO_INCREMENT for table `killers`
--
ALTER TABLE `killers`
  MODIFY `id` int(11) NOT NULL AUTO_INCREMENT, AUTO_INCREMENT=5;

--
-- AUTO_INCREMENT for table `messages`
--
ALTER TABLE `messages`
  MODIFY `id` int(11) NOT NULL AUTO_INCREMENT;

--
-- AUTO_INCREMENT for table `migrations`
--
ALTER TABLE `migrations`
  MODIFY `id` int(10) UNSIGNED NOT NULL AUTO_INCREMENT, AUTO_INCREMENT=3;

--
-- AUTO_INCREMENT for table `news`
--
ALTER TABLE `news`
  MODIFY `id` int(11) NOT NULL AUTO_INCREMENT, AUTO_INCREMENT=2;

--
-- AUTO_INCREMENT for table `players`
--
ALTER TABLE `players`
  MODIFY `id` int(11) NOT NULL AUTO_INCREMENT, AUTO_INCREMENT=36;

--
-- AUTO_INCREMENT for table `player_deaths`
--
ALTER TABLE `player_deaths`
  MODIFY `id` int(11) NOT NULL AUTO_INCREMENT, AUTO_INCREMENT=2;

--
-- AUTO_INCREMENT for table `poll`
--
ALTER TABLE `poll`
  MODIFY `id` int(11) NOT NULL AUTO_INCREMENT;

--
-- AUTO_INCREMENT for table `polls`
--
ALTER TABLE `polls`
  MODIFY `id` int(11) NOT NULL AUTO_INCREMENT;

--
-- AUTO_INCREMENT for table `poll_answer`
--
ALTER TABLE `poll_answer`
  MODIFY `id` int(11) NOT NULL AUTO_INCREMENT;

--
-- AUTO_INCREMENT for table `posts`
--
ALTER TABLE `posts`
  MODIFY `id` int(10) UNSIGNED NOT NULL AUTO_INCREMENT;

--
-- AUTO_INCREMENT for table `server_reports`
--
ALTER TABLE `server_reports`
  MODIFY `id` int(11) NOT NULL AUTO_INCREMENT;

--
-- AUTO_INCREMENT for table `threads`
--
ALTER TABLE `threads`
  MODIFY `id` int(10) UNSIGNED NOT NULL AUTO_INCREMENT;

--
-- AUTO_INCREMENT for table `users`
--
ALTER TABLE `users`
  MODIFY `id` int(10) UNSIGNED NOT NULL AUTO_INCREMENT, AUTO_INCREMENT=11;

--
-- AUTO_INCREMENT for table `videos`
--
ALTER TABLE `videos`
  MODIFY `id` int(10) UNSIGNED NOT NULL AUTO_INCREMENT;

--
-- AUTO_INCREMENT for table `video_comments`
--
ALTER TABLE `video_comments`
  MODIFY `id` int(10) UNSIGNED NOT NULL AUTO_INCREMENT;

--
-- Constraints for dumped tables
--

--
-- Constraints for table `account_viplist`
--
ALTER TABLE `account_viplist`
  ADD CONSTRAINT `account_viplist_ibfk_1` FOREIGN KEY (`account_id`) REFERENCES `accounts` (`id`) ON DELETE CASCADE,
  ADD CONSTRAINT `account_viplist_ibfk_2` FOREIGN KEY (`player_id`) REFERENCES `players` (`id`) ON DELETE CASCADE;

--
-- Constraints for table `environment_killers`
--
ALTER TABLE `environment_killers`
  ADD CONSTRAINT `environment_killers_ibfk_1` FOREIGN KEY (`kill_id`) REFERENCES `killers` (`id`) ON DELETE CASCADE;

--
-- Constraints for table `friends`
--
ALTER TABLE `friends`
  ADD CONSTRAINT `friends_ibfk_1` FOREIGN KEY (`with`) REFERENCES `accounts` (`id`) ON DELETE CASCADE,
  ADD CONSTRAINT `friends_ibfk_2` FOREIGN KEY (`friend`) REFERENCES `accounts` (`id`) ON DELETE CASCADE;

--
-- Constraints for table `guild_invites`
--
ALTER TABLE `guild_invites`
  ADD CONSTRAINT `guild_invites_ibfk_1` FOREIGN KEY (`player_id`) REFERENCES `players` (`id`) ON DELETE CASCADE,
  ADD CONSTRAINT `guild_invites_ibfk_2` FOREIGN KEY (`guild_id`) REFERENCES `guilds` (`id`) ON DELETE CASCADE;

--
-- Constraints for table `guild_ranks`
--
ALTER TABLE `guild_ranks`
  ADD CONSTRAINT `guild_ranks_ibfk_1` FOREIGN KEY (`guild_id`) REFERENCES `guilds` (`id`) ON DELETE CASCADE;

--
-- Constraints for table `house_auctions`
--
ALTER TABLE `house_auctions`
  ADD CONSTRAINT `house_auctions_ibfk_1` FOREIGN KEY (`house_id`,`world_id`) REFERENCES `houses` (`id`, `world_id`) ON DELETE CASCADE,
  ADD CONSTRAINT `house_auctions_ibfk_2` FOREIGN KEY (`player_id`) REFERENCES `players` (`id`) ON DELETE CASCADE;

--
-- Constraints for table `house_data`
--
ALTER TABLE `house_data`
  ADD CONSTRAINT `house_data_ibfk_1` FOREIGN KEY (`house_id`,`world_id`) REFERENCES `houses` (`id`, `world_id`) ON DELETE CASCADE;

--
-- Constraints for table `house_lists`
--
ALTER TABLE `house_lists`
  ADD CONSTRAINT `house_lists_ibfk_1` FOREIGN KEY (`house_id`,`world_id`) REFERENCES `houses` (`id`, `world_id`) ON DELETE CASCADE;

--
-- Constraints for table `killers`
--
ALTER TABLE `killers`
  ADD CONSTRAINT `killers_ibfk_1` FOREIGN KEY (`death_id`) REFERENCES `player_deaths` (`id`) ON DELETE CASCADE;

--
-- Constraints for table `messages`
--
ALTER TABLE `messages`
  ADD CONSTRAINT `messages_ibfk_1` FOREIGN KEY (`from`) REFERENCES `accounts` (`id`) ON DELETE CASCADE,
  ADD CONSTRAINT `messages_ibfk_2` FOREIGN KEY (`to`) REFERENCES `accounts` (`id`) ON DELETE CASCADE;

--
-- Constraints for table `players`
--
ALTER TABLE `players`
  ADD CONSTRAINT `players_ibfk_1` FOREIGN KEY (`account_id`) REFERENCES `accounts` (`id`) ON DELETE CASCADE;

--
-- Constraints for table `player_deaths`
--
ALTER TABLE `player_deaths`
  ADD CONSTRAINT `player_deaths_ibfk_1` FOREIGN KEY (`player_id`) REFERENCES `players` (`id`) ON DELETE CASCADE;

--
-- Constraints for table `player_depotitems`
--
ALTER TABLE `player_depotitems`
  ADD CONSTRAINT `player_depotitems_ibfk_1` FOREIGN KEY (`player_id`) REFERENCES `players` (`id`) ON DELETE CASCADE;

--
-- Constraints for table `player_items`
--
ALTER TABLE `player_items`
  ADD CONSTRAINT `player_items_ibfk_1` FOREIGN KEY (`player_id`) REFERENCES `players` (`id`) ON DELETE CASCADE;

--
-- Constraints for table `player_killers`
--
ALTER TABLE `player_killers`
  ADD CONSTRAINT `player_killers_ibfk_1` FOREIGN KEY (`kill_id`) REFERENCES `killers` (`id`) ON DELETE CASCADE,
  ADD CONSTRAINT `player_killers_ibfk_2` FOREIGN KEY (`player_id`) REFERENCES `players` (`id`) ON DELETE CASCADE;

--
-- Constraints for table `player_namelocks`
--
ALTER TABLE `player_namelocks`
  ADD CONSTRAINT `player_namelocks_ibfk_1` FOREIGN KEY (`player_id`) REFERENCES `players` (`id`) ON DELETE CASCADE;

--
-- Constraints for table `player_skills`
--
ALTER TABLE `player_skills`
  ADD CONSTRAINT `player_skills_ibfk_1` FOREIGN KEY (`player_id`) REFERENCES `players` (`id`) ON DELETE CASCADE;

--
-- Constraints for table `player_spells`
--
ALTER TABLE `player_spells`
  ADD CONSTRAINT `player_spells_ibfk_1` FOREIGN KEY (`player_id`) REFERENCES `players` (`id`) ON DELETE CASCADE;

--
-- Constraints for table `player_storage`
--
ALTER TABLE `player_storage`
  ADD CONSTRAINT `player_storage_ibfk_1` FOREIGN KEY (`player_id`) REFERENCES `players` (`id`) ON DELETE CASCADE;

--
-- Constraints for table `player_viplist`
--
ALTER TABLE `player_viplist`
  ADD CONSTRAINT `player_viplist_ibfk_1` FOREIGN KEY (`player_id`) REFERENCES `players` (`id`) ON DELETE CASCADE,
  ADD CONSTRAINT `player_viplist_ibfk_2` FOREIGN KEY (`vip_id`) REFERENCES `players` (`id`) ON DELETE CASCADE;

--
-- Constraints for table `polls`
--
ALTER TABLE `polls`
  ADD CONSTRAINT `polls_ibfk_1` FOREIGN KEY (`player_id`) REFERENCES `players` (`id`) ON DELETE CASCADE;

--
-- Constraints for table `poll_answer`
--
ALTER TABLE `poll_answer`
  ADD CONSTRAINT `poll_answer_ibfk_1` FOREIGN KEY (`poll_id`) REFERENCES `poll` (`id`) ON DELETE CASCADE;

--
-- Constraints for table `poll_votes`
--
ALTER TABLE `poll_votes`
  ADD CONSTRAINT `poll_votes_ibfk_1` FOREIGN KEY (`poll_id`) REFERENCES `polls` (`id`) ON DELETE CASCADE;

--
-- Constraints for table `server_reports`
--
ALTER TABLE `server_reports`
  ADD CONSTRAINT `server_reports_ibfk_1` FOREIGN KEY (`player_id`) REFERENCES `players` (`id`) ON DELETE CASCADE;

--
-- Constraints for table `tiles`
--
ALTER TABLE `tiles`
  ADD CONSTRAINT `tiles_ibfk_1` FOREIGN KEY (`house_id`,`world_id`) REFERENCES `houses` (`id`, `world_id`) ON DELETE CASCADE;

--
-- Constraints for table `tile_items`
--
ALTER TABLE `tile_items`
  ADD CONSTRAINT `tile_items_ibfk_1` FOREIGN KEY (`tile_id`) REFERENCES `tiles` (`id`) ON DELETE CASCADE;
COMMIT;

/*!40101 SET CHARACTER_SET_CLIENT=@OLD_CHARACTER_SET_CLIENT */;
/*!40101 SET CHARACTER_SET_RESULTS=@OLD_CHARACTER_SET_RESULTS */;
/*!40101 SET COLLATION_CONNECTION=@OLD_COLLATION_CONNECTION */;
